filename,class,wikimedia_title,source_url,image_url,license,artist,width,height,category
emergency_0000.jpg,emergency,File:2024 Valdosta Bluesberry Festival 60.jpg,https://commons.wikimedia.org/wiki/File:2024_Valdosta_Bluesberry_Festival_60.jpg,https://upload.wikimedia.org/wikipedia/commons/thumb/9/99/2024_Valdosta_Bluesberry_Festival_60.jpg/960px-2024_Valdosta_Bluesberry_Festival_60.jpg?utm_source=commons.wikimedia.org&utm_campaign=imageinfo&utm_content=thumbnail,CC BY 4.0,Mjrmtg,960,640,Police vehicles
emergency_0001.jpg,emergency,File:A Rainy Day in Edenfield - geograph.org.uk - 1007289.jpg,https://commons.wikimedia.org/wiki/File:A_Rainy_Day_in_Edenfield_-_geograph.org.uk_-_1007289.jpg,https://upload.wikimedia.org/wikipedia/commons/f/f3/A_Rainy_Day_in_Edenfield_-_geograph.org.uk_-_1007289.jpg?utm_source=commons.wikimedia.org&utm_campaign=imageinfo&utm_content=thumbnail_unscaled,CC BY-SA 2.0,Paul Anderson,640,480,Police vehicles
emergency_0002.jpg,emergency,"File:Athens-Clarke County Police Department (ACCPD) vehicle in Athens, Georgia.jpg","https://commons.wikimedia.org/wiki/File:Athens-Clarke_County_Police_Department_(ACCPD)_vehicle_in_Athens,_Georgia.jpg",https://upload.wikimedia.org/wikipedia/commons/thumb/b/b3/Athens-Clarke_County_Police_Department_%28ACCPD%29_vehicle_in_Athens%2C_Georgia.jpg/960px-Athens-Clarke_County_Police_Department_%28ACCPD%29_vehicle_in_Athens%2C_Georgia.jpg?utm_source=commons.wikimedia.org&utm_campaign=imageinfo&utm_content=thumbnail,CC BY 4.0,Harrison Keely,960,720,Police vehicles
emergency_0003.jpg,emergency,"File:EV1 Plug-in America ""Don't Crush"" Campaign (4999478783).jpg",https://commons.wikimedia.org/wiki/File:EV1_Plug-in_America_%22Don%27t_Crush%22_Campaign_(4999478783).jpg,https://upload.wikimedia.org/wikipedia/commons/7/79/EV1_Plug-in_America_%22Don%27t_Crush%22_Campaign_%284999478783%29.jpg?utm_source=commons.wikimedia.org&utm_campaign=imageinfo&utm_content=thumbnail_unscaled,CC BY-SA 2.0,Plug In America,639,425,Police vehicles
emergency_0004.jpg,emergency,"File:IAA Summit 2023, Munich (P1110646).jpg","https://commons.wikimedia.org/wiki/File:IAA_Summit_2023,_Munich_(P1110646).jpg",https://upload.wikimedia.org/wikipedia/commons/thumb/1/1e/IAA_Summit_2023%2C_Munich_%28P1110646%29.jpg/960px-IAA_Summit_2023%2C_Munich_%28P1110646%29.jpg?utm_source=commons.wikimedia.org&utm_campaign=imageinfo&utm_content=thumbnail,CC BY-SA 4.0,Matti Blume,960,1280,Police vehicles
emergency_0005.jpg,emergency,"File:Italian Polizia patrol car at St Peter’s Square, Vatican City.jpg","https://commons.wikimedia.org/wiki/File:Italian_Polizia_patrol_car_at_St_Peter%E2%80%99s_Square,_Vatican_City.jpg",https://upload.wikimedia.org/wikipedia/commons/thumb/7/74/Italian_Polizia_patrol_car_at_St_Peter%E2%80%99s_Square%2C_Vatican_City.jpg/960px-Italian_Polizia_patrol_car_at_St_Peter%E2%80%99s_Square%2C_Vatican_City.jpg?utm_source=commons.wikimedia.org&utm_campaign=imageinfo&utm_content=thumbnail,CC0,Wilfredor,960,655,Police vehicles
emergency_0006.jpg,emergency,File:Kolkata Police ambulance - Wikimedia Photowalk Kolkata 20111218 IMG 4595.jpg,https://commons.wikimedia.org/wiki/File:Kolkata_Police_ambulance_-_Wikimedia_Photowalk_Kolkata_20111218_IMG_4595.jpg,https://upload.wikimedia.org/wikipedia/commons/thumb/c/c8/Kolkata_Police_ambulance_-_Wikimedia_Photowalk_Kolkata_20111218_IMG_4595.jpg/960px-Kolkata_Police_ambulance_-_Wikimedia_Photowalk_Kolkata_20111218_IMG_4595.jpg?utm_source=commons.wikimedia.org&utm_campaign=imageinfo&utm_content=thumbnail,CC BY-SA 3.0,BengaliHindu,960,640,Police vehicles
emergency_0007.jpg,emergency,File:Militares (17393343021).jpg,https://commons.wikimedia.org/wiki/File:Militares_(17393343021).jpg,https://upload.wikimedia.org/wikipedia/commons/thumb/d/d7/Militares_%2817393343021%29.jpg/960px-Militares_%2817393343021%29.jpg?utm_source=commons.wikimedia.org&utm_campaign=imageinfo&utm_content=thumbnail,CC BY 2.0,Núcleo Editorial,960,637,Police vehicles
emergency_0008.jpg,emergency,File:Police Lead The March - cropped (2).jpg,https://commons.wikimedia.org/wiki/File:Police_Lead_The_March_-_cropped_(2).jpg,https://upload.wikimedia.org/wikipedia/commons/thumb/9/95/Police_Lead_The_March_-_cropped_%282%29.jpg/960px-Police_Lead_The_March_-_cropped_%282%29.jpg?utm_source=commons.wikimedia.org&utm_campaign=imageinfo&utm_content=thumbnail,CC BY-SA 2.0,Michael Coghlan,960,652,Police vehicles
emergency_0009.jpg,emergency,File:Police Lead The March - cropped (cropped).jpg,https://commons.wikimedia.org/wiki/File:Police_Lead_The_March_-_cropped_(cropped).jpg,https://upload.wikimedia.org/wikipedia/commons/thumb/4/47/Police_Lead_The_March_-_cropped_%28cropped%29.jpg/960px-Police_Lead_The_March_-_cropped_%28cropped%29.jpg?utm_source=commons.wikimedia.org&utm_campaign=imageinfo&utm_content=thumbnail,CC BY-SA 2.0,Michael Coghlan,960,603,Police vehicles
emergency_0010.jpg,emergency,File:Policia e Kosovës - Veturat e njësitit K9.jpg,https://commons.wikimedia.org/wiki/File:Policia_e_Kosov%C3%ABs_-_Veturat_e_nj%C3%ABsitit_K9.jpg,https://upload.wikimedia.org/wikipedia/commons/thumb/8/88/Policia_e_Kosov%C3%ABs_-_Veturat_e_nj%C3%ABsitit_K9.jpg/960px-Policia_e_Kosov%C3%ABs_-_Veturat_e_nj%C3%ABsitit_K9.jpg?utm_source=commons.wikimedia.org&utm_campaign=imageinfo&utm_content=thumbnail,Public domain,Unknown authorUnknown author,960,535,Police vehicles
emergency_0011.jpg,emergency,"File:Political cartoon about public opinion of trusts (March 8, 1910).jpg","https://commons.wikimedia.org/wiki/File:Political_cartoon_about_public_opinion_of_trusts_(March_8,_1910).jpg",https://upload.wikimedia.org/wikipedia/commons/thumb/2/27/Political_cartoon_about_public_opinion_of_trusts_%28March_8%2C_1910%29.jpg/960px-Political_cartoon_about_public_opinion_of_trusts_%28March_8%2C_1910%29.jpg?utm_source=commons.wikimedia.org&utm_campaign=imageinfo&utm_content=thumbnail,Public domain,H. T. Webster,960,1146,Police vehicles
emergency_0012.jpg,emergency,File:112 Hızır Acil Ambulans oyuncağı.jpg,https://commons.wikimedia.org/wiki/File:112_H%C4%B1z%C4%B1r_Acil_Ambulans_oyunca%C4%9F%C4%B1.jpg,https://upload.wikimedia.org/wikipedia/commons/thumb/8/81/112_H%C4%B1z%C4%B1r_Acil_Ambulans_oyunca%C4%9F%C4%B1.jpg/960px-112_H%C4%B1z%C4%B1r_Acil_Ambulans_oyunca%C4%9F%C4%B1.jpg?utm_source=commons.wikimedia.org&utm_campaign=imageinfo&utm_content=thumbnail,CC BY-SA 4.0,Satirdan kahraman,960,432,Ambulances
emergency_0013.jpg,emergency,File:140107-M-LS369-010 - Special Operations Training Group prepares 2-1 Marines for MEU (Image 10 of 10).jpg,https://commons.wikimedia.org/wiki/File:140107-M-LS369-010_-_Special_Operations_Training_Group_prepares_2-1_Marines_for_MEU_(Image_10_of_10).jpg,https://upload.wikimedia.org/wikipedia/commons/thumb/4/43/140107-M-LS369-010_-_Special_Operations_Training_Group_prepares_2-1_Marines_for_MEU_%28Image_10_of_10%29.jpg/960px-140107-M-LS369-010_-_Special_Operations_Training_Group_prepares_2-1_Marines_for_MEU_%28Image_10_of_10%29.jpg?utm_source=commons.wikimedia.org&utm_campaign=imageinfo&utm_content=thumbnail,Public domain,Lance Cpl. Joshua Murray,960,640,Ambulances
emergency_0014.jpg,emergency,File:1949 Buick Roadmaster Ambulance front.jpg,https://commons.wikimedia.org/wiki/File:1949_Buick_Roadmaster_Ambulance_front.jpg,https://upload.wikimedia.org/wikipedia/commons/thumb/6/6f/1949_Buick_Roadmaster_Ambulance_front.jpg/960px-1949_Buick_Roadmaster_Ambulance_front.jpg?utm_source=commons.wikimedia.org&utm_campaign=imageinfo&utm_content=thumbnail,CC BY-SA 4.0,Erremm,960,554,Ambulances
emergency_0015.jpg,emergency,"File:2025-04-06 12 30 55 Indoor children's ambulance at the Bucks County Children's Museum in New Hope, Bucks County, Pennsylvania.jpg","https://commons.wikimedia.org/wiki/File:2025-04-06_12_30_55_Indoor_children%27s_ambulance_at_the_Bucks_County_Children%27s_Museum_in_New_Hope,_Bucks_County,_Pennsylvania.jpg",https://upload.wikimedia.org/wikipedia/commons/thumb/9/98/2025-04-06_12_30_55_Indoor_children%27s_ambulance_at_the_Bucks_County_Children%27s_Museum_in_New_Hope%2C_Bucks_County%2C_Pennsylvania.jpg/960px-2025-04-06_12_30_55_Indoor_children%27s_ambulance_at_the_Bucks_County_Children%27s_Museum_in_New_Hope%2C_Bucks_County%2C_Pennsylvania.jpg?utm_source=commons.wikimedia.org&utm_campaign=imageinfo&utm_content=thumbnail,CC BY-SA 4.0,Famartin,960,720,Ambulances
emergency_0016.jpg,emergency,File:AFN Spotlight 1 (8023920).jpg,https://commons.wikimedia.org/wiki/File:AFN_Spotlight_1_(8023920).jpg,https://upload.wikimedia.org/wikipedia/commons/thumb/0/0b/AFN_Spotlight_1_%288023920%29.jpg/960px-AFN_Spotlight_1_%288023920%29.jpg?utm_source=commons.wikimedia.org&utm_campaign=imageinfo&utm_content=thumbnail,Public domain,U.S. Air Force photo by Airman 1st Class Jordan Gonzalez,960,737,Ambulances
emergency_0017.jpg,emergency,File:Aayyoo Ambulance main station.jpg,https://commons.wikimedia.org/wiki/File:Aayyoo_Ambulance_main_station.jpg,https://upload.wikimedia.org/wikipedia/commons/thumb/c/c1/Aayyoo_Ambulance_main_station.jpg/960px-Aayyoo_Ambulance_main_station.jpg?utm_source=commons.wikimedia.org&utm_campaign=imageinfo&utm_content=thumbnail,CC BY-SA 4.0,Shemsedin Amme,960,720,Ambulances
emergency_0018.jpg,emergency,File:Academy Ambulancezorg - EPA.jpg,https://commons.wikimedia.org/wiki/File:Academy_Ambulancezorg_-_EPA.jpg,https://upload.wikimedia.org/wikipedia/commons/thumb/e/ef/Academy_Ambulancezorg_-_EPA.jpg/960px-Academy_Ambulancezorg_-_EPA.jpg?utm_source=commons.wikimedia.org&utm_campaign=imageinfo&utm_content=thumbnail,CC BY 4.0,Hartogin,960,720,Ambulances
emergency_0019.jpg,emergency,"File:Ambulance, Hindustan Copper Limited, Ashiana Brahmananda, Jamshedpur, India ( Ank Kumar, Infosys Limited ) 01.jpg","https://commons.wikimedia.org/wiki/File:Ambulance,_Hindustan_Copper_Limited,_Ashiana_Brahmananda,_Jamshedpur,_India_(_Ank_Kumar,_Infosys_Limited_)_01.jpg",https://upload.wikimedia.org/wikipedia/commons/thumb/0/05/Ambulance%2C_Hindustan_Copper_Limited%2C_Ashiana_Brahmananda%2C_Jamshedpur%2C_India_%28_Ank_Kumar%2C_Infosys_Limited_%29_01.jpg/960px-Ambulance%2C_Hindustan_Copper_Limited%2C_Ashiana_Brahmananda%2C_Jamshedpur%2C_India_%28_Ank_Kumar%2C_Infosys_Limited_%29_01.jpg?utm_source=commons.wikimedia.org&utm_campaign=imageinfo&utm_content=thumbnail,CC BY-SA 4.0,Ank Kumar,960,540,Ambulances
emergency_0020.jpg,emergency,"File:Ambulance, Hindustan Copper Limited, Ashiana Brahmananda, Jamshedpur, India ( Ank Kumar, Infosys Limited ) 02.jpg","https://commons.wikimedia.org/wiki/File:Ambulance,_Hindustan_Copper_Limited,_Ashiana_Brahmananda,_Jamshedpur,_India_(_Ank_Kumar,_Infosys_Limited_)_02.jpg",https://upload.wikimedia.org/wikipedia/commons/thumb/4/4a/Ambulance%2C_Hindustan_Copper_Limited%2C_Ashiana_Brahmananda%2C_Jamshedpur%2C_India_%28_Ank_Kumar%2C_Infosys_Limited_%29_02.jpg/960px-Ambulance%2C_Hindustan_Copper_Limited%2C_Ashiana_Brahmananda%2C_Jamshedpur%2C_India_%28_Ank_Kumar%2C_Infosys_Limited_%29_02.jpg?utm_source=commons.wikimedia.org&utm_campaign=imageinfo&utm_content=thumbnail,CC BY-SA 4.0,Ank Kumar,960,960,Ambulances
emergency_0021.jpg,emergency,File:Ambulance1.jpg,https://commons.wikimedia.org/wiki/File:Ambulance1.jpg,https://upload.wikimedia.org/wikipedia/commons/thumb/e/e6/Ambulance1.jpg/960px-Ambulance1.jpg?utm_source=commons.wikimedia.org&utm_campaign=imageinfo&utm_content=thumbnail,CC BY 4.0,Beendy234,960,972,Ambulances
emergency_0022.jpg,emergency,File:Ambulance Dolmen.jpg,https://commons.wikimedia.org/wiki/File:Ambulance_Dolmen.jpg,https://upload.wikimedia.org/wikipedia/commons/thumb/9/94/Ambulance_Dolmen.jpg/960px-Ambulance_Dolmen.jpg?utm_source=commons.wikimedia.org&utm_campaign=imageinfo&utm_content=thumbnail,CC BY-SA 4.0,Asaddkhann,960,641,Ambulances
emergency_0023.jpg,emergency,File:Ambulance boat of KRI dr. Wahidin Sudirohusodo (crop).jpg,https://commons.wikimedia.org/wiki/File:Ambulance_boat_of_KRI_dr._Wahidin_Sudirohusodo_(crop).jpg,https://upload.wikimedia.org/wikipedia/commons/thumb/4/4c/Ambulance_boat_of_KRI_dr._Wahidin_Sudirohusodo_%28crop%29.jpg/960px-Ambulance_boat_of_KRI_dr._Wahidin_Sudirohusodo_%28crop%29.jpg?utm_source=commons.wikimedia.org&utm_campaign=imageinfo&utm_content=thumbnail,Public domain,PT PAL (Persero),960,448,Ambulances
emergency_0024.jpg,emergency,File:Ambulance in Saigon near district 4 hospital.jpg,https://commons.wikimedia.org/wiki/File:Ambulance_in_Saigon_near_district_4_hospital.jpg,https://upload.wikimedia.org/wikipedia/commons/thumb/f/f7/Ambulance_in_Saigon_near_district_4_hospital.jpg/960px-Ambulance_in_Saigon_near_district_4_hospital.jpg?utm_source=commons.wikimedia.org&utm_campaign=imageinfo&utm_content=thumbnail,CC0,Syced,960,723,Ambulances
emergency_0025.jpg,emergency,File:Ambulance lane.jpg,https://commons.wikimedia.org/wiki/File:Ambulance_lane.jpg,https://upload.wikimedia.org/wikipedia/commons/thumb/a/a1/Ambulance_lane.jpg/960px-Ambulance_lane.jpg?utm_source=commons.wikimedia.org&utm_campaign=imageinfo&utm_content=thumbnail,CC0,User:Brandmeister (Togrul Safarov),960,1087,Ambulances
emergency_0026.jpg,emergency,File:Ambulance of Golkar Party.jpg,https://commons.wikimedia.org/wiki/File:Ambulance_of_Golkar_Party.jpg,https://upload.wikimedia.org/wikipedia/commons/thumb/8/8b/Ambulance_of_Golkar_Party.jpg/960px-Ambulance_of_Golkar_Party.jpg?utm_source=commons.wikimedia.org&utm_campaign=imageinfo&utm_content=thumbnail,CC BY-SA 4.0,Jeromi Mikhael,960,720,Ambulances
emergency_0027.jpg,emergency,"File:Ambulances, 2005 HCVS London to Brighton run.jpg","https://commons.wikimedia.org/wiki/File:Ambulances,_2005_HCVS_London_to_Brighton_run.jpg",https://upload.wikimedia.org/wikipedia/commons/2/20/Ambulances%2C_2005_HCVS_London_to_Brighton_run.jpg?utm_source=commons.wikimedia.org&utm_campaign=imageinfo&utm_content=thumbnail_unscaled,CC BY 2.0,"Les Chatfield from Brighton, England",798,590,Ambulances
emergency_0028.jpg,emergency,"File:Ambulances at the ready (BUMED 09-7927-3), U.S. Navy BUMED Library and Archives (5833629718).jpg","https://commons.wikimedia.org/wiki/File:Ambulances_at_the_ready_(BUMED_09-7927-3),_U.S._Navy_BUMED_Library_and_Archives_(5833629718).jpg",https://upload.wikimedia.org/wikipedia/commons/thumb/2/2e/Ambulances_at_the_ready_%28BUMED_09-7927-3%29%2C_U.S._Navy_BUMED_Library_and_Archives_%285833629718%29.jpg/960px-Ambulances_at_the_ready_%28BUMED_09-7927-3%29%2C_U.S._Navy_BUMED_Library_and_Archives_%285833629718%29.jpg?utm_source=commons.wikimedia.org&utm_campaign=imageinfo&utm_content=thumbnail,CC BY 2.0,National Museum of  Health and Medicine,960,756,Ambulances
emergency_0029.jpg,emergency,File:Ambulanza N°1 Croce Verde.jpg,https://commons.wikimedia.org/wiki/File:Ambulanza_N%C2%B01_Croce_Verde.jpg,https://upload.wikimedia.org/wikipedia/commons/6/66/Ambulanza_N%C2%B01_Croce_Verde.jpg?utm_source=commons.wikimedia.org&utm_campaign=imageinfo&utm_content=thumbnail_unscaled,Public domain,UnknownUnknown,458,305,Ambulances
emergency_0030.jpg,emergency,File:Ambulanță B2 SMURD.jpg,https://commons.wikimedia.org/wiki/File:Ambulan%C8%9B%C4%83_B2_SMURD.jpg,https://upload.wikimedia.org/wikipedia/commons/thumb/d/d2/Ambulan%C8%9B%C4%83_B2_SMURD.jpg/960px-Ambulan%C8%9B%C4%83_B2_SMURD.jpg?utm_source=commons.wikimedia.org&utm_campaign=imageinfo&utm_content=thumbnail,CC BY-SA 4.0,Spotting the World,960,720,Ambulances
emergency_0031.jpg,emergency,File:Bicicletas-ambulâncias em uso na Primeira Guerra Mundial.jpg,https://commons.wikimedia.org/wiki/File:Bicicletas-ambul%C3%A2ncias_em_uso_na_Primeira_Guerra_Mundial.jpg,https://upload.wikimedia.org/wikipedia/commons/0/0f/Bicicletas-ambul%C3%A2ncias_em_uso_na_Primeira_Guerra_Mundial.jpg?utm_source=commons.wikimedia.org&utm_campaign=imageinfo&utm_content=thumbnail_unscaled,Public domain,Unknown authorUnknown author,658,377,Ambulances
emergency_0032.jpg,emergency,File:Buick Roadmaster Ambulance rear side.jpg,https://commons.wikimedia.org/wiki/File:Buick_Roadmaster_Ambulance_rear_side.jpg,https://upload.wikimedia.org/wikipedia/commons/thumb/0/05/Buick_Roadmaster_Ambulance_rear_side.jpg/960px-Buick_Roadmaster_Ambulance_rear_side.jpg?utm_source=commons.wikimedia.org&utm_campaign=imageinfo&utm_content=thumbnail,CC BY-SA 4.0,Erremm,960,585,Ambulances
emergency_0033.jpg,emergency,"File:Centre de secours de Maubourguet avec VSAV, Fourgon incendie et véhicule de commandement.jpg","https://commons.wikimedia.org/wiki/File:Centre_de_secours_de_Maubourguet_avec_VSAV,_Fourgon_incendie_et_v%C3%A9hicule_de_commandement.jpg",https://upload.wikimedia.org/wikipedia/commons/thumb/2/24/Centre_de_secours_de_Maubourguet_avec_VSAV%2C_Fourgon_incendie_et_v%C3%A9hicule_de_commandement.jpg/960px-Centre_de_secours_de_Maubourguet_avec_VSAV%2C_Fourgon_incendie_et_v%C3%A9hicule_de_commandement.jpg?utm_source=commons.wikimedia.org&utm_campaign=imageinfo&utm_content=thumbnail,CC BY-SA 4.0,Handelsgeselschaft,960,489,Ambulances
emergency_0034.jpg,emergency,File:Clarissa Britain's Ambulance Patent.jpg,https://commons.wikimedia.org/wiki/File:Clarissa_Britain%27s_Ambulance_Patent.jpg,https://upload.wikimedia.org/wikipedia/commons/c/c4/Clarissa_Britain%27s_Ambulance_Patent.jpg?utm_source=commons.wikimedia.org&utm_campaign=imageinfo&utm_content=thumbnail_unscaled,CC BY-SA 4.0,FairyShrimp,837,1200,Ambulances
emergency_0035.jpg,emergency,File:Cruz roja mexicana.jpg,https://commons.wikimedia.org/wiki/File:Cruz_roja_mexicana.jpg,https://upload.wikimedia.org/wikipedia/commons/thumb/7/78/Cruz_roja_mexicana.jpg/960px-Cruz_roja_mexicana.jpg?utm_source=commons.wikimedia.org&utm_campaign=imageinfo&utm_content=thumbnail,CC BY-SA 4.0,Fosfatow,960,642,Ambulances
emergency_0036.jpg,emergency,File:DAF VH 400.JPG,https://commons.wikimedia.org/wiki/File:DAF_VH_400.JPG,https://upload.wikimedia.org/wikipedia/commons/thumb/0/02/DAF_VH_400.JPG/960px-DAF_VH_400.JPG?utm_source=commons.wikimedia.org&utm_campaign=imageinfo&utm_content=thumbnail,CC0,Alf van Beem,960,721,Ambulances
emergency_0037.jpg,emergency,File:DHLAmbulance.jpg,https://commons.wikimedia.org/wiki/File:DHLAmbulance.jpg,https://upload.wikimedia.org/wikipedia/commons/thumb/3/38/DHLAmbulance.jpg/960px-DHLAmbulance.jpg?utm_source=commons.wikimedia.org&utm_campaign=imageinfo&utm_content=thumbnail,CC BY-SA 4.0,Keir Gravil (xtrememachineuk),960,1280,Ambulances
emergency_0038.jpg,emergency,File:E. R. McKean's Improved Ambulance - NARA - 6858600.jpg,https://commons.wikimedia.org/wiki/File:E._R._McKean%27s_Improved_Ambulance_-_NARA_-_6858600.jpg,https://upload.wikimedia.org/wikipedia/commons/thumb/5/5a/E._R._McKean%27s_Improved_Ambulance_-_NARA_-_6858600.jpg/960px-E._R._McKean%27s_Improved_Ambulance_-_NARA_-_6858600.jpg?utm_source=commons.wikimedia.org&utm_campaign=imageinfo&utm_content=thumbnail,Public domain,Unknown authorUnknown author or not provided,960,1224,Ambulances
emergency_0039.jpg,emergency,File:Einsatzfahrzeug des DRKs im Schnee.jpg,https://commons.wikimedia.org/wiki/File:Einsatzfahrzeug_des_DRKs_im_Schnee.jpg,https://upload.wikimedia.org/wikipedia/commons/thumb/6/62/Einsatzfahrzeug_des_DRKs_im_Schnee.jpg/960px-Einsatzfahrzeug_des_DRKs_im_Schnee.jpg?utm_source=commons.wikimedia.org&utm_campaign=imageinfo&utm_content=thumbnail,CC BY 4.0,Echo401,960,640,Ambulances
emergency_0040.jpg,emergency,File:Emergency am.jpg,https://commons.wikimedia.org/wiki/File:Emergency_am.jpg,https://upload.wikimedia.org/wikipedia/commons/b/b9/Emergency_am.jpg?utm_source=commons.wikimedia.org&utm_campaign=imageinfo&utm_content=thumbnail_unscaled,CC BY-SA 3.0,Luidavi,960,720,Ambulances
emergency_0041.jpg,emergency,File:Fotos aliados 2.jpg,https://commons.wikimedia.org/wiki/File:Fotos_aliados_2.jpg,https://upload.wikimedia.org/wikipedia/commons/thumb/3/3d/Fotos_aliados_2.jpg/960px-Fotos_aliados_2.jpg?utm_source=commons.wikimedia.org&utm_campaign=imageinfo&utm_content=thumbnail,CC BY-SA 4.0,SalyBerrea,960,720,Ambulances
emergency_0042.jpg,emergency,File:Goes To The Next World (225494881).jpeg,https://commons.wikimedia.org/wiki/File:Goes_To_The_Next_World_(225494881).jpeg,https://upload.wikimedia.org/wikipedia/commons/thumb/7/7f/Goes_To_The_Next_World_%28225494881%29.jpeg/960px-Goes_To_The_Next_World_%28225494881%29.jpeg?utm_source=commons.wikimedia.org&utm_campaign=imageinfo&utm_content=thumbnail,CC0,Максим Барбухин,960,601,Ambulances
emergency_0043.jpg,emergency,File:INFO LAKA SE JEMBER.jpg,https://commons.wikimedia.org/wiki/File:INFO_LAKA_SE_JEMBER.jpg,https://upload.wikimedia.org/wikipedia/commons/thumb/a/a2/INFO_LAKA_SE_JEMBER.jpg/960px-INFO_LAKA_SE_JEMBER.jpg?utm_source=commons.wikimedia.org&utm_campaign=imageinfo&utm_content=thumbnail,CC BY-SA 4.0,Jendral j31,960,960,Ambulances
emergency_0044.jpg,emergency,File:Improved Order of Red Men donating ambulance to the United States government.jpg,https://commons.wikimedia.org/wiki/File:Improved_Order_of_Red_Men_donating_ambulance_to_the_United_States_government.jpg,https://upload.wikimedia.org/wikipedia/commons/1/11/Improved_Order_of_Red_Men_donating_ambulance_to_the_United_States_government.jpg?utm_source=commons.wikimedia.org&utm_campaign=imageinfo&utm_content=thumbnail_unscaled,Public domain,Unknown authorUnknown author,640,394,Ambulances
emergency_0045.jpg,emergency,File:Joustra-fourgon-Peugeot-J7-ambulance-gyro-bleu-tole-friction-21cm-1975.jpg,https://commons.wikimedia.org/wiki/File:Joustra-fourgon-Peugeot-J7-ambulance-gyro-bleu-tole-friction-21cm-1975.jpg,https://upload.wikimedia.org/wikipedia/commons/thumb/1/1f/Joustra-fourgon-Peugeot-J7-ambulance-gyro-bleu-tole-friction-21cm-1975.jpg/960px-Joustra-fourgon-Peugeot-J7-ambulance-gyro-bleu-tole-friction-21cm-1975.jpg?utm_source=commons.wikimedia.org&utm_campaign=imageinfo&utm_content=thumbnail,CC BY-SA 4.0,Rundvald,960,688,Ambulances
emergency_0046.jpg,emergency,"File:Kreuzberg by night, Berlin, May 14th, 2025 - 03.jpg","https://commons.wikimedia.org/wiki/File:Kreuzberg_by_night,_Berlin,_May_14th,_2025_-_03.jpg",https://upload.wikimedia.org/wikipedia/commons/thumb/1/14/Kreuzberg_by_night%2C_Berlin%2C_May_14th%2C_2025_-_03.jpg/960px-Kreuzberg_by_night%2C_Berlin%2C_May_14th%2C_2025_-_03.jpg?utm_source=commons.wikimedia.org&utm_campaign=imageinfo&utm_content=thumbnail,CC BY-SA 4.0,Plaksie,960,540,Ambulances
emergency_0047.jpg,emergency,File:L'ambulance qui passe. 01.jpg,https://commons.wikimedia.org/wiki/File:L%27ambulance_qui_passe._01.jpg,https://upload.wikimedia.org/wikipedia/commons/thumb/6/66/L%27ambulance_qui_passe._01.jpg/960px-L%27ambulance_qui_passe._01.jpg?utm_source=commons.wikimedia.org&utm_campaign=imageinfo&utm_content=thumbnail,CC0,Adansonia rayanne2,960,432,Ambulances
emergency_0048.jpg,emergency,File:L'ambulance qui passe. 02.jpg,https://commons.wikimedia.org/wiki/File:L%27ambulance_qui_passe._02.jpg,https://upload.wikimedia.org/wikipedia/commons/thumb/e/e9/L%27ambulance_qui_passe._02.jpg/960px-L%27ambulance_qui_passe._02.jpg?utm_source=commons.wikimedia.org&utm_campaign=imageinfo&utm_content=thumbnail,CC0,Adansonia rayanne2,960,2133,Ambulances
emergency_0049.jpg,emergency,File:L'ambulance qui passe. 03.jpg,https://commons.wikimedia.org/wiki/File:L%27ambulance_qui_passe._03.jpg,https://upload.wikimedia.org/wikipedia/commons/thumb/8/88/L%27ambulance_qui_passe._03.jpg/960px-L%27ambulance_qui_passe._03.jpg?utm_source=commons.wikimedia.org&utm_campaign=imageinfo&utm_content=thumbnail,CC0,Adansonia rayanne2,960,2133,Ambulances
emergency_0050.jpg,emergency,File:L'ambulance qui passe. 04.jpg,https://commons.wikimedia.org/wiki/File:L%27ambulance_qui_passe._04.jpg,https://upload.wikimedia.org/wikipedia/commons/thumb/1/1d/L%27ambulance_qui_passe._04.jpg/960px-L%27ambulance_qui_passe._04.jpg?utm_source=commons.wikimedia.org&utm_campaign=imageinfo&utm_content=thumbnail,CC0,Adansonia rayanne2,960,2133,Ambulances
emergency_0051.jpg,emergency,File:L'ambulance qui passe. 05.jpg,https://commons.wikimedia.org/wiki/File:L%27ambulance_qui_passe._05.jpg,https://upload.wikimedia.org/wikipedia/commons/thumb/5/55/L%27ambulance_qui_passe._05.jpg/960px-L%27ambulance_qui_passe._05.jpg?utm_source=commons.wikimedia.org&utm_campaign=imageinfo&utm_content=thumbnail,CC0,Adansonia rayanne2,960,2133,Ambulances
emergency_0052.jpg,emergency,File:LOGO ILS JEMBER.jpg,https://commons.wikimedia.org/wiki/File:LOGO_ILS_JEMBER.jpg,https://upload.wikimedia.org/wikipedia/commons/thumb/8/88/LOGO_ILS_JEMBER.jpg/960px-LOGO_ILS_JEMBER.jpg?utm_source=commons.wikimedia.org&utm_campaign=imageinfo&utm_content=thumbnail,CC BY-SA 4.0,Jendral j31,960,960,Ambulances
emergency_0053.jpg,emergency,File:MK AB tests readiness with emergency response exercise (5694364).jpg,https://commons.wikimedia.org/wiki/File:MK_AB_tests_readiness_with_emergency_response_exercise_(5694364).jpg,https://upload.wikimedia.org/wikipedia/commons/thumb/1/1a/MK_AB_tests_readiness_with_emergency_response_exercise_%285694364%29.jpg/960px-MK_AB_tests_readiness_with_emergency_response_exercise_%285694364%29.jpg?utm_source=commons.wikimedia.org&utm_campaign=imageinfo&utm_content=thumbnail,Public domain,U.S. Army 105MPAD by Spc. Ethan Valetski,960,640,Ambulances
emergency_0054.jpg,emergency,File:MK AB tests readiness with emergency response exercise (5694367).jpg,https://commons.wikimedia.org/wiki/File:MK_AB_tests_readiness_with_emergency_response_exercise_(5694367).jpg,https://upload.wikimedia.org/wikipedia/commons/thumb/4/43/MK_AB_tests_readiness_with_emergency_response_exercise_%285694367%29.jpg/960px-MK_AB_tests_readiness_with_emergency_response_exercise_%285694367%29.jpg?utm_source=commons.wikimedia.org&utm_campaign=imageinfo&utm_content=thumbnail,Public domain,U.S. Army 105MPAD by Spc. Ethan Valetski,960,640,Ambulances
emergency_0055.jpg,emergency,File:Medic 32.jpg,https://commons.wikimedia.org/wiki/File:Medic_32.jpg,https://upload.wikimedia.org/wikipedia/commons/thumb/6/61/Medic_32.jpg/960px-Medic_32.jpg?utm_source=commons.wikimedia.org&utm_campaign=imageinfo&utm_content=thumbnail,CC BY-SA 4.0,AgEdLuke,960,870,Ambulances
emergency_0056.jpg,emergency,File:Mobil Ambulans BMI.jpg,https://commons.wikimedia.org/wiki/File:Mobil_Ambulans_BMI.jpg,https://upload.wikimedia.org/wikipedia/commons/thumb/7/7b/Mobil_Ambulans_BMI.jpg/960px-Mobil_Ambulans_BMI.jpg?utm_source=commons.wikimedia.org&utm_campaign=imageinfo&utm_content=thumbnail,CC BY-SA 4.0,Wildrun,960,638,Ambulances
emergency_0057.jpg,emergency,File:Nok head truck at beginning point of trail at SK Fest 2024 01.jpg,https://commons.wikimedia.org/wiki/File:Nok_head_truck_at_beginning_point_of_trail_at_SK_Fest_2024_01.jpg,https://upload.wikimedia.org/wikipedia/commons/thumb/0/01/Nok_head_truck_at_beginning_point_of_trail_at_SK_Fest_2024_01.jpg/960px-Nok_head_truck_at_beginning_point_of_trail_at_SK_Fest_2024_01.jpg?utm_source=commons.wikimedia.org&utm_campaign=imageinfo&utm_content=thumbnail,CC BY-SA 4.0,Kambai Akau,960,640,Ambulances
emergency_0058.jpg,emergency,File:North Shore Ambulance on Highway 61 (51243769895).jpg,https://commons.wikimedia.org/wiki/File:North_Shore_Ambulance_on_Highway_61_(51243769895).jpg,https://upload.wikimedia.org/wikipedia/commons/thumb/7/7a/North_Shore_Ambulance_on_Highway_61_%2851243769895%29.jpg/960px-North_Shore_Ambulance_on_Highway_61_%2851243769895%29.jpg?utm_source=commons.wikimedia.org&utm_campaign=imageinfo&utm_content=thumbnail,CC BY-SA 2.0,Tony Webster,960,631,Ambulances
emergency_0059.jpg,emergency,"File:""THE AMERICAN AMBULANCE IN RUSSIA"" ""527 Fifth Avenue, New York"" Russian language from, - 111-SC-4462 - NARA - 55170230 (cropped).jpg","https://commons.wikimedia.org/wiki/File:%22THE_AMERICAN_AMBULANCE_IN_RUSSIA%22_%22527_Fifth_Avenue,_New_York%22_Russian_language_from,_-_111-SC-4462_-_NARA_-_55170230_(cropped).jpg",https://upload.wikimedia.org/wikipedia/commons/thumb/9/91/%22THE_AMERICAN_AMBULANCE_IN_RUSSIA%22_%22527_Fifth_Avenue%2C_New_York%22_Russian_language_from%2C_-_111-SC-4462_-_NARA_-_55170230_%28cropped%29.jpg/960px-%22THE_AMERICAN_AMBULANCE_IN_RUSSIA%22_%22527_Fifth_Avenue%2C_New_York%22_Russian_language_from%2C_-_111-SC-4462_-_NARA_-_55170230_%28cropped%29.jpg?utm_source=commons.wikimedia.org&utm_campaign=imageinfo&utm_content=thumbnail,Public domain,Unknown authorUnknown author or not provided,960,1529,Ambulances
emergency_0060.jpg,emergency,File:Old Indian Ambulance - 01.jpg,https://commons.wikimedia.org/wiki/File:Old_Indian_Ambulance_-_01.jpg,https://upload.wikimedia.org/wikipedia/commons/thumb/f/fa/Old_Indian_Ambulance_-_01.jpg/960px-Old_Indian_Ambulance_-_01.jpg?utm_source=commons.wikimedia.org&utm_campaign=imageinfo&utm_content=thumbnail,CC0,Oleg Yunakov,960,720,Ambulances
emergency_0061.jpg,emergency,File:Old Indian Ambulance - 02.jpg,https://commons.wikimedia.org/wiki/File:Old_Indian_Ambulance_-_02.jpg,https://upload.wikimedia.org/wikipedia/commons/thumb/5/56/Old_Indian_Ambulance_-_02.jpg/960px-Old_Indian_Ambulance_-_02.jpg?utm_source=commons.wikimedia.org&utm_campaign=imageinfo&utm_content=thumbnail,CC0,Oleg Yunakov,960,720,Ambulances
emergency_0062.jpg,emergency,File:Old ambulance's interior at Fire Museum.jpg,https://commons.wikimedia.org/wiki/File:Old_ambulance%27s_interior_at_Fire_Museum.jpg,https://upload.wikimedia.org/wikipedia/commons/thumb/9/99/Old_ambulance%27s_interior_at_Fire_Museum.jpg/960px-Old_ambulance%27s_interior_at_Fire_Museum.jpg?utm_source=commons.wikimedia.org&utm_campaign=imageinfo&utm_content=thumbnail,CC0,Syced,960,723,Ambulances
emergency_0063.jpg,emergency,File:Old ambulance's interior at Fire Museum 2.jpg,https://commons.wikimedia.org/wiki/File:Old_ambulance%27s_interior_at_Fire_Museum_2.jpg,https://upload.wikimedia.org/wikipedia/commons/thumb/a/af/Old_ambulance%27s_interior_at_Fire_Museum_2.jpg/960px-Old_ambulance%27s_interior_at_Fire_Museum_2.jpg?utm_source=commons.wikimedia.org&utm_campaign=imageinfo&utm_content=thumbnail,CC0,Syced,960,723,Ambulances
emergency_0064.jpg,emergency,File:Parked Ambulance.jpg,https://commons.wikimedia.org/wiki/File:Parked_Ambulance.jpg,https://upload.wikimedia.org/wikipedia/commons/thumb/b/bd/Parked_Ambulance.jpg/960px-Parked_Ambulance.jpg?utm_source=commons.wikimedia.org&utm_campaign=imageinfo&utm_content=thumbnail,CC0,Beendy234,960,689,Ambulances
emergency_0065.jpg,emergency,"File:Police hospital ambulance in Bhopal, India.jpg","https://commons.wikimedia.org/wiki/File:Police_hospital_ambulance_in_Bhopal,_India.jpg",https://upload.wikimedia.org/wikipedia/commons/thumb/7/7e/Police_hospital_ambulance_in_Bhopal%2C_India.jpg/960px-Police_hospital_ambulance_in_Bhopal%2C_India.jpg?utm_source=commons.wikimedia.org&utm_campaign=imageinfo&utm_content=thumbnail,CC BY-SA 4.0,Suyash.dwivedi,960,540,Ambulances
emergency_0066.png,emergency,"File:RAMC troops carrying wounded on to a hospital barge at Vaux-sur-Somme, 25 August 1916.png","https://commons.wikimedia.org/wiki/File:RAMC_troops_carrying_wounded_on_to_a_hospital_barge_at_Vaux-sur-Somme,_25_August_1916.png",https://upload.wikimedia.org/wikipedia/commons/thumb/f/f7/RAMC_troops_carrying_wounded_on_to_a_hospital_barge_at_Vaux-sur-Somme%2C_25_August_1916.png/960px-RAMC_troops_carrying_wounded_on_to_a_hospital_barge_at_Vaux-sur-Somme%2C_25_August_1916.png?utm_source=commons.wikimedia.org&utm_campaign=imageinfo&utm_content=thumbnail,Public domain,John Warwick Brooke,960,1305,Ambulances
emergency_0067.jpg,emergency,File:Renault Master ambulance operated by E-Zora Medical.jpg,https://commons.wikimedia.org/wiki/File:Renault_Master_ambulance_operated_by_E-Zora_Medical.jpg,https://upload.wikimedia.org/wikipedia/commons/thumb/c/c3/Renault_Master_ambulance_operated_by_E-Zora_Medical.jpg/960px-Renault_Master_ambulance_operated_by_E-Zora_Medical.jpg?utm_source=commons.wikimedia.org&utm_campaign=imageinfo&utm_content=thumbnail,CC BY-SA 4.0,Oleg Yunakov,960,720,Ambulances
emergency_0068.jpg,emergency,File:Renault Master emergency ambulance operated by ETOIRA Medical.jpg,https://commons.wikimedia.org/wiki/File:Renault_Master_emergency_ambulance_operated_by_ETOIRA_Medical.jpg,https://upload.wikimedia.org/wikipedia/commons/thumb/2/20/Renault_Master_emergency_ambulance_operated_by_ETOIRA_Medical.jpg/960px-Renault_Master_emergency_ambulance_operated_by_ETOIRA_Medical.jpg?utm_source=commons.wikimedia.org&utm_campaign=imageinfo&utm_content=thumbnail,CC BY-SA 4.0,Oleg Yunakov,960,720,Ambulances
emergency_0069.jpg,emergency,File:Royal Naval World War I Hospital barge coming into dock Wellcome L0034464.jpg,https://commons.wikimedia.org/wiki/File:Royal_Naval_World_War_I_Hospital_barge_coming_into_dock_Wellcome_L0034464.jpg,https://upload.wikimedia.org/wikipedia/commons/thumb/c/ce/Royal_Naval_World_War_I_Hospital_barge_coming_into_dock_Wellcome_L0034464.jpg/960px-Royal_Naval_World_War_I_Hospital_barge_coming_into_dock_Wellcome_L0034464.jpg?utm_source=commons.wikimedia.org&utm_campaign=imageinfo&utm_content=thumbnail,CC BY 4.0,unknown,960,576,Ambulances
emergency_0070.jpg,emergency,File:Sachal Medical Van.jpg,https://commons.wikimedia.org/wiki/File:Sachal_Medical_Van.jpg,https://upload.wikimedia.org/wikipedia/commons/thumb/e/e8/Sachal_Medical_Van.jpg/960px-Sachal_Medical_Van.jpg?utm_source=commons.wikimedia.org&utm_campaign=imageinfo&utm_content=thumbnail,CC BY-SA 4.0,Kalyanamkaroti,960,481,Ambulances
emergency_0071.png,emergency,File:Signet FINAL.png,https://commons.wikimedia.org/wiki/File:Signet_FINAL.png,https://upload.wikimedia.org/wikipedia/commons/f/fc/Signet_FINAL.png?utm_source=commons.wikimedia.org&utm_campaign=imageinfo&utm_content=thumbnail_unscaled,CC BY 3.0,Gigaev,700,700,Ambulances
emergency_0072.jpg,emergency,File:StJohnsAmbulance.jpg,https://commons.wikimedia.org/wiki/File:StJohnsAmbulance.jpg,https://upload.wikimedia.org/wikipedia/commons/thumb/9/9b/StJohnsAmbulance.jpg/960px-StJohnsAmbulance.jpg?utm_source=commons.wikimedia.org&utm_campaign=imageinfo&utm_content=thumbnail,Public domain,"Paul Townley from Merseyside, UK",960,499,Ambulances
emergency_0073.jpg,emergency,File:Sunset View - Jordan University Stadium.jpg,https://commons.wikimedia.org/wiki/File:Sunset_View_-_Jordan_University_Stadium.jpg,https://upload.wikimedia.org/wikipedia/commons/thumb/8/87/Sunset_View_-_Jordan_University_Stadium.jpg/960px-Sunset_View_-_Jordan_University_Stadium.jpg?utm_source=commons.wikimedia.org&utm_campaign=imageinfo&utm_content=thumbnail,CC BY-SA 4.0,Taha Al-Hayali,960,1280,Ambulances
emergency_0074.jpg,emergency,"File:Survivors of the USS Indianapolis (BUMED 09-7927-4), U.S. Navy BUMED Library and Archives (5833635532).jpg","https://commons.wikimedia.org/wiki/File:Survivors_of_the_USS_Indianapolis_(BUMED_09-7927-4),_U.S._Navy_BUMED_Library_and_Archives_(5833635532).jpg",https://upload.wikimedia.org/wikipedia/commons/thumb/7/76/Survivors_of_the_USS_Indianapolis_%28BUMED_09-7927-4%29%2C_U.S._Navy_BUMED_Library_and_Archives_%285833635532%29.jpg/960px-Survivors_of_the_USS_Indianapolis_%28BUMED_09-7927-4%29%2C_U.S._Navy_BUMED_Library_and_Archives_%285833635532%29.jpg?utm_source=commons.wikimedia.org&utm_campaign=imageinfo&utm_content=thumbnail,CC BY 2.0,National Museum of  Health and Medicine,960,758,Ambulances
emergency_0075.jpg,emergency,"File:Taylor-Dunn, MERCY AMBULANCE San Diego.jpg","https://commons.wikimedia.org/wiki/File:Taylor-Dunn,_MERCY_AMBULANCE_San_Diego.jpg",https://upload.wikimedia.org/wikipedia/commons/thumb/e/e5/Taylor-Dunn%2C_MERCY_AMBULANCE_San_Diego.jpg/960px-Taylor-Dunn%2C_MERCY_AMBULANCE_San_Diego.jpg?utm_source=commons.wikimedia.org&utm_campaign=imageinfo&utm_content=thumbnail,CC BY 4.0,Issac I Navarro,960,720,Ambulances
emergency_0076.jpg,emergency,"File:U.S. Naval Base Hospital, Strathpeffer, Scotland, 1918 (Base Hospital No. 2) - 22-0075-009.jpg","https://commons.wikimedia.org/wiki/File:U.S._Naval_Base_Hospital,_Strathpeffer,_Scotland,_1918_(Base_Hospital_No._2)_-_22-0075-009.jpg",https://upload.wikimedia.org/wikipedia/commons/thumb/d/d1/U.S._Naval_Base_Hospital%2C_Strathpeffer%2C_Scotland%2C_1918_%28Base_Hospital_No._2%29_-_22-0075-009.jpg/960px-U.S._Naval_Base_Hospital%2C_Strathpeffer%2C_Scotland%2C_1918_%28Base_Hospital_No._2%29_-_22-0075-009.jpg?utm_source=commons.wikimedia.org&utm_campaign=imageinfo&utm_content=thumbnail,Public domain,NavyMedicine,960,613,Ambulances
emergency_0077.jpg,emergency,File:USMC-14423.jpg,https://commons.wikimedia.org/wiki/File:USMC-14423.jpg,https://upload.wikimedia.org/wikipedia/commons/thumb/b/b5/USMC-14423.jpg/960px-USMC-14423.jpg?utm_source=commons.wikimedia.org&utm_campaign=imageinfo&utm_content=thumbnail,Public domain,unknown,960,626,Ambulances
emergency_0078.jpg,emergency,File:USMC-14573.jpg,https://commons.wikimedia.org/wiki/File:USMC-14573.jpg,https://upload.wikimedia.org/wikipedia/commons/thumb/b/b8/USMC-14573.jpg/960px-USMC-14573.jpg?utm_source=commons.wikimedia.org&utm_campaign=imageinfo&utm_content=thumbnail,Public domain,unknown,960,626,Ambulances
emergency_0079.jpg,emergency,File:VPSP SFCB.jpg,https://commons.wikimedia.org/wiki/File:VPSP_SFCB.jpg,https://upload.wikimedia.org/wikipedia/commons/thumb/0/0a/VPSP_SFCB.jpg/960px-VPSP_SFCB.jpg?utm_source=commons.wikimedia.org&utm_campaign=imageinfo&utm_content=thumbnail,CC BY-SA 4.0,Arthur.pruvost-rivière,960,623,Ambulances
emergency_0080.jpg,emergency,File:Vehículos sanitarios .jpg,https://commons.wikimedia.org/wiki/File:Veh%C3%ADculos_sanitarios_.jpg,https://upload.wikimedia.org/wikipedia/commons/thumb/5/5e/Veh%C3%ADculos_sanitarios_.jpg/960px-Veh%C3%ADculos_sanitarios_.jpg?utm_source=commons.wikimedia.org&utm_campaign=imageinfo&utm_content=thumbnail,CC BY-SA 4.0,Juanfran112,960,718,Ambulances
emergency_0081.jpg,emergency,File:Машина скорой помощи.jpg,https://commons.wikimedia.org/wiki/File:%D0%9C%D0%B0%D1%88%D0%B8%D0%BD%D0%B0_%D1%81%D0%BA%D0%BE%D1%80%D0%BE%D0%B9_%D0%BF%D0%BE%D0%BC%D0%BE%D1%89%D0%B8.jpg,https://upload.wikimedia.org/wikipedia/commons/thumb/7/73/%D0%9C%D0%B0%D1%88%D0%B8%D0%BD%D0%B0_%D1%81%D0%BA%D0%BE%D1%80%D0%BE%D0%B9_%D0%BF%D0%BE%D0%BC%D0%BE%D1%89%D0%B8.jpg/960px-%D0%9C%D0%B0%D1%88%D0%B8%D0%BD%D0%B0_%D1%81%D0%BA%D0%BE%D1%80%D0%BE%D0%B9_%D0%BF%D0%BE%D0%BC%D0%BE%D1%89%D0%B8.jpg?utm_source=commons.wikimedia.org&utm_campaign=imageinfo&utm_content=thumbnail,CC BY-SA 3.0,Сергей Михель,960,540,Ambulances
emergency_0082.jpg,emergency,File:2024 Full Scale Exercise - 53880627951.jpg,https://commons.wikimedia.org/wiki/File:2024_Full_Scale_Exercise_-_53880627951.jpg,https://upload.wikimedia.org/wikipedia/commons/thumb/7/74/2024_Full_Scale_Exercise_-_53880627951.jpg/960px-2024_Full_Scale_Exercise_-_53880627951.jpg?utm_source=commons.wikimedia.org&utm_campaign=imageinfo&utm_content=thumbnail,Public domain,The Redstone Rocket,960,1235,Fire engines
emergency_0083.jpg,emergency,"File:2025-03-06 12 14 33 Children's ride within the Oxford Valley Mall in Middletown Township, Bucks County, Pennsylvania.jpg","https://commons.wikimedia.org/wiki/File:2025-03-06_12_14_33_Children%27s_ride_within_the_Oxford_Valley_Mall_in_Middletown_Township,_Bucks_County,_Pennsylvania.jpg",https://upload.wikimedia.org/wikipedia/commons/thumb/3/39/2025-03-06_12_14_33_Children%27s_ride_within_the_Oxford_Valley_Mall_in_Middletown_Township%2C_Bucks_County%2C_Pennsylvania.jpg/960px-2025-03-06_12_14_33_Children%27s_ride_within_the_Oxford_Valley_Mall_in_Middletown_Township%2C_Bucks_County%2C_Pennsylvania.jpg?utm_source=commons.wikimedia.org&utm_campaign=imageinfo&utm_content=thumbnail,CC BY-SA 4.0,Famartin,960,720,Fire engines
emergency_0084.jpg,emergency,File:26 0075429 Rohr Collection Image (55330827450).jpg,https://commons.wikimedia.org/wiki/File:26_0075429_Rohr_Collection_Image_(55330827450).jpg,https://upload.wikimedia.org/wikipedia/commons/thumb/a/ac/26_0075429_Rohr_Collection_Image_%2855330827450%29.jpg/960px-26_0075429_Rohr_Collection_Image_%2855330827450%29.jpg?utm_source=commons.wikimedia.org&utm_campaign=imageinfo&utm_content=thumbnail,Public domain,San Diego Air &amp; Space Museum Archives,960,561,Fire engines
emergency_0085.jpg,emergency,File:48 Ford.jpg,https://commons.wikimedia.org/wiki/File:48_Ford.jpg,https://upload.wikimedia.org/wikipedia/commons/d/d5/48_Ford.jpg?utm_source=commons.wikimedia.org&utm_campaign=imageinfo&utm_content=thumbnail_unscaled,CC0,Firemanfour,960,720,Fire engines
emergency_0086.png,emergency,File:48 Ford delivery.png,https://commons.wikimedia.org/wiki/File:48_Ford_delivery.png,https://upload.wikimedia.org/wikipedia/commons/1/18/48_Ford_delivery.png?utm_source=commons.wikimedia.org&utm_campaign=imageinfo&utm_content=thumbnail_unscaled,CC0,Firemanfour,253,218,Fire engines
emergency_0087.jpg,emergency,File:Antiguo Camión de Bomberos A74181920240526.jpg,https://commons.wikimedia.org/wiki/File:Antiguo_Cami%C3%B3n_de_Bomberos_A74181920240526.jpg,https://upload.wikimedia.org/wikipedia/commons/thumb/d/dd/Antiguo_Cami%C3%B3n_de_Bomberos_A74181920240526.jpg/960px-Antiguo_Cami%C3%B3n_de_Bomberos_A74181920240526.jpg?utm_source=commons.wikimedia.org&utm_campaign=imageinfo&utm_content=thumbnail,CC BY 4.0,Rjcastillo,960,717,Fire engines
emergency_0088.jpg,emergency,File:Atlanta Falcon members visit MCAS Iwakuni during a Salute the Troops tour hosted by the USO (9826419).jpg,https://commons.wikimedia.org/wiki/File:Atlanta_Falcon_members_visit_MCAS_Iwakuni_during_a_Salute_the_Troops_tour_hosted_by_the_USO_(9826419).jpg,https://upload.wikimedia.org/wikipedia/commons/thumb/b/bf/Atlanta_Falcon_members_visit_MCAS_Iwakuni_during_a_Salute_the_Troops_tour_hosted_by_the_USO_%289826419%29.jpg/960px-Atlanta_Falcon_members_visit_MCAS_Iwakuni_during_a_Salute_the_Troops_tour_hosted_by_the_USO_%289826419%29.jpg?utm_source=commons.wikimedia.org&utm_campaign=imageinfo&utm_content=thumbnail,Public domain,U.S. Marine Corps photo by Lance Cpl. Maikeyla Reyes,960,1440,Fire engines
emergency_0089.jpg,emergency,File:BFS 14R night.jpg,https://commons.wikimedia.org/wiki/File:BFS_14R_night.jpg,https://upload.wikimedia.org/wikipedia/commons/thumb/5/56/BFS_14R_night.jpg/960px-BFS_14R_night.jpg?utm_source=commons.wikimedia.org&utm_campaign=imageinfo&utm_content=thumbnail,CC BY-SA 4.0,AlxG95,960,720,Fire engines
emergency_0090.jpg,emergency,File:Beispielaufbau ERHT Feuerwehr.jpg,https://commons.wikimedia.org/wiki/File:Beispielaufbau_ERHT_Feuerwehr.jpg,https://upload.wikimedia.org/wikipedia/commons/thumb/3/3c/Beispielaufbau_ERHT_Feuerwehr.jpg/960px-Beispielaufbau_ERHT_Feuerwehr.jpg?utm_source=commons.wikimedia.org&utm_campaign=imageinfo&utm_content=thumbnail,CC BY-SA 4.0,Bernie112,960,720,Fire engines
emergency_0091.jpg,emergency,File:Bomberos de La Boca - 1er autobomba.jpg,https://commons.wikimedia.org/wiki/File:Bomberos_de_La_Boca_-_1er_autobomba.jpg,https://upload.wikimedia.org/wikipedia/commons/thumb/c/c9/Bomberos_de_La_Boca_-_1er_autobomba.jpg/960px-Bomberos_de_La_Boca_-_1er_autobomba.jpg?utm_source=commons.wikimedia.org&utm_campaign=imageinfo&utm_content=thumbnail,CC BY-SA 4.0,NINASANTPL,960,540,Fire engines
emergency_0092.jpg,emergency,File:Bus tips onto its side-Museumplein-2.jpg,https://commons.wikimedia.org/wiki/File:Bus_tips_onto_its_side-Museumplein-2.jpg,https://upload.wikimedia.org/wikipedia/commons/thumb/c/c6/Bus_tips_onto_its_side-Museumplein-2.jpg/960px-Bus_tips_onto_its_side-Museumplein-2.jpg?utm_source=commons.wikimedia.org&utm_campaign=imageinfo&utm_content=thumbnail,CC BY-SA 4.0,Yair Haklai,960,720,Fire engines
emergency_0093.jpg,emergency,File:Croft Castle 2015 045.jpg,https://commons.wikimedia.org/wiki/File:Croft_Castle_2015_045.jpg,https://upload.wikimedia.org/wikipedia/commons/thumb/a/a7/Croft_Castle_2015_045.jpg/960px-Croft_Castle_2015_045.jpg?utm_source=commons.wikimedia.org&utm_campaign=imageinfo&utm_content=thumbnail,CC BY-SA 4.0,Photograph by Mike Peel (www.mikepeel.net).,960,640,Fire engines
emergency_0094.jpg,emergency,File:Cuartel de Bomberos Voluntarios.jpg,https://commons.wikimedia.org/wiki/File:Cuartel_de_Bomberos_Voluntarios.jpg,https://upload.wikimedia.org/wikipedia/commons/4/42/Cuartel_de_Bomberos_Voluntarios.jpg?utm_source=commons.wikimedia.org&utm_campaign=imageinfo&utm_content=thumbnail_unscaled,CC BY-SA 3.0,Maxi3767,604,448,Fire engines
emergency_0095.png,emergency,"File:D. 600, Kraftfahrleiter 26 m mit Fahrgestell des mittleren Lastkraftwagen (o).png","https://commons.wikimedia.org/wiki/File:D._600,_Kraftfahrleiter_26_m_mit_Fahrgestell_des_mittleren_Lastkraftwagen_(o).png",https://upload.wikimedia.org/wikipedia/commons/thumb/c/cc/D._600%2C_Kraftfahrleiter_26_m_mit_Fahrgestell_des_mittleren_Lastkraftwagen_%28o%29.png/960px-D._600%2C_Kraftfahrleiter_26_m_mit_Fahrgestell_des_mittleren_Lastkraftwagen_%28o%29.png?utm_source=commons.wikimedia.org&utm_campaign=imageinfo&utm_content=thumbnail,Public domain,Heereswaffenamt,960,528,Fire engines
emergency_0096.png,emergency,"File:D. 600, Kraftfahrspritze (KS 25) mit Fahrgestell des mittleren Lastkraftwagen (o).png","https://commons.wikimedia.org/wiki/File:D._600,_Kraftfahrspritze_(KS_25)_mit_Fahrgestell_des_mittleren_Lastkraftwagen_(o).png",https://upload.wikimedia.org/wikipedia/commons/thumb/4/41/D._600%2C_Kraftfahrspritze_%28KS_25%29_mit_Fahrgestell_des_mittleren_Lastkraftwagen_%28o%29.png/960px-D._600%2C_Kraftfahrspritze_%28KS_25%29_mit_Fahrgestell_des_mittleren_Lastkraftwagen_%28o%29.png?utm_source=commons.wikimedia.org&utm_campaign=imageinfo&utm_content=thumbnail,Public domain,Heereswaffenamt,960,494,Fire engines
emergency_0097.jpg,emergency,File:Day 350 Cy365 Lights (93205789).jpeg,https://commons.wikimedia.org/wiki/File:Day_350_Cy365_Lights_(93205789).jpeg,https://upload.wikimedia.org/wikipedia/commons/thumb/3/35/Day_350_Cy365_Lights_%2893205789%29.jpeg/960px-Day_350_Cy365_Lights_%2893205789%29.jpeg?utm_source=commons.wikimedia.org&utm_campaign=imageinfo&utm_content=thumbnail,CC BY-SA 3.0,Makia Minich,960,640,Fire engines
emergency_0098.jpg,emergency,File:Depictions of types of fire-engines and different parts ther Wellcome V0039401.jpg,https://commons.wikimedia.org/wiki/File:Depictions_of_types_of_fire-engines_and_different_parts_ther_Wellcome_V0039401.jpg,https://upload.wikimedia.org/wikipedia/commons/thumb/4/41/Depictions_of_types_of_fire-engines_and_different_parts_ther_Wellcome_V0039401.jpg/960px-Depictions_of_types_of_fire-engines_and_different_parts_ther_Wellcome_V0039401.jpg?utm_source=commons.wikimedia.org&utm_campaign=imageinfo&utm_content=thumbnail,CC BY 4.0,unknown,960,775,Fire engines
emergency_0099.jpg,emergency,File:Engine Typing.JPG,https://commons.wikimedia.org/wiki/File:Engine_Typing.JPG,https://upload.wikimedia.org/wikipedia/commons/0/01/Engine_Typing.JPG?utm_source=commons.wikimedia.org&utm_campaign=imageinfo&utm_content=thumbnail_unscaled,Public domain,US GOV,672,277,Fire engines
emergency_0100.jpg,emergency,"File:Fire engines are sophisticated machines, with gauges and dials that control everything from water volume and pressure, which (025eb50c-1dd8-b71b-0bbe-9794a8077ede).jpg","https://commons.wikimedia.org/wiki/File:Fire_engines_are_sophisticated_machines,_with_gauges_and_dials_that_control_everything_from_water_volume_and_pressure,_which_(025eb50c-1dd8-b71b-0bbe-9794a8077ede).jpg",https://upload.wikimedia.org/wikipedia/commons/c/c4/Fire_engines_are_sophisticated_machines%2C_with_gauges_and_dials_that_control_everything_from_water_volume_and_pressure%2C_which_%28025eb50c-1dd8-b71b-0bbe-9794a8077ede%29.jpg?utm_source=commons.wikimedia.org&utm_campaign=imageinfo&utm_content=thumbnail_unscaled,Public domain,NPS,482,720,Fire engines
emergency_0101.jpg,emergency,File:Fire engines make their way through the parade (53767656261).jpg,https://commons.wikimedia.org/wiki/File:Fire_engines_make_their_way_through_the_parade_(53767656261).jpg,https://upload.wikimedia.org/wikipedia/commons/thumb/5/5b/Fire_engines_make_their_way_through_the_parade_%2853767656261%29.jpg/960px-Fire_engines_make_their_way_through_the_parade_%2853767656261%29.jpg?utm_source=commons.wikimedia.org&utm_campaign=imageinfo&utm_content=thumbnail,Public domain,BLMUtah,960,641,Fire engines
emergency_0102.jpg,emergency,File:Fire engines make their way through the parade (53767981269).jpg,https://commons.wikimedia.org/wiki/File:Fire_engines_make_their_way_through_the_parade_(53767981269).jpg,https://upload.wikimedia.org/wikipedia/commons/thumb/2/23/Fire_engines_make_their_way_through_the_parade_%2853767981269%29.jpg/960px-Fire_engines_make_their_way_through_the_parade_%2853767981269%29.jpg?utm_source=commons.wikimedia.org&utm_campaign=imageinfo&utm_content=thumbnail,Public domain,BLMUtah,960,641,Fire engines
emergency_0103.jpg,emergency,File:Fire wagon on L'île aux Marins.jpg,https://commons.wikimedia.org/wiki/File:Fire_wagon_on_L%27%C3%AEle_aux_Marins.jpg,https://upload.wikimedia.org/wikipedia/commons/thumb/5/59/Fire_wagon_on_L%27%C3%AEle_aux_Marins.jpg/960px-Fire_wagon_on_L%27%C3%AEle_aux_Marins.jpg?utm_source=commons.wikimedia.org&utm_campaign=imageinfo&utm_content=thumbnail,CC BY-SA 4.0,Keizers,960,1707,Fire engines
emergency_0104.jpg,emergency,File:Firelite atv skid unit.jpg,https://commons.wikimedia.org/wiki/File:Firelite_atv_skid_unit.jpg,https://upload.wikimedia.org/wikipedia/commons/1/11/Firelite_atv_skid_unit.jpg?utm_source=commons.wikimedia.org&utm_campaign=imageinfo&utm_content=thumbnail_unscaled,CC BY 3.0,MRaccine,500,364,Fire engines
emergency_0105.jpg,emergency,File:Foton Grand General fire truck 001.jpg,https://commons.wikimedia.org/wiki/File:Foton_Grand_General_fire_truck_001.jpg,https://upload.wikimedia.org/wikipedia/commons/thumb/0/08/Foton_Grand_General_fire_truck_001.jpg/960px-Foton_Grand_General_fire_truck_001.jpg?utm_source=commons.wikimedia.org&utm_campaign=imageinfo&utm_content=thumbnail,CC0,Zoerides,960,720,Fire engines
emergency_0106.jpg,emergency,File:Gasoline for fire engine LCCN2014694108.jpg,https://commons.wikimedia.org/wiki/File:Gasoline_for_fire_engine_LCCN2014694108.jpg,https://upload.wikimedia.org/wikipedia/commons/thumb/f/fb/Gasoline_for_fire_engine_LCCN2014694108.jpg/960px-Gasoline_for_fire_engine_LCCN2014694108.jpg?utm_source=commons.wikimedia.org&utm_campaign=imageinfo&utm_content=thumbnail,Public domain,"Bain News Service, publisher",960,704,Fire engines
emergency_0107.png,emergency,File:Hydromeg.png,https://commons.wikimedia.org/wiki/File:Hydromeg.png,https://upload.wikimedia.org/wikipedia/commons/thumb/4/4d/Hydromeg.png/960px-Hydromeg.png?utm_source=commons.wikimedia.org&utm_campaign=imageinfo&utm_content=thumbnail,CC BY-SA 4.0,Maxsusenergogaz,960,919,Fire engines
emergency_0108.jpg,emergency,"File:Jászberényi út, Kőbányai Sörgyár (egykor Első Magyar Részvényserfőzde), tűz a malátaszárítóban. A kép forrását kérjük Fortepan - Budapest Főváros Levéltára. Levéltári jelzet- HU.BFL.XV.19.c.10 Fortepan 104306.jpg","https://commons.wikimedia.org/wiki/File:J%C3%A1szber%C3%A9nyi_%C3%BAt,_K%C5%91b%C3%A1nyai_S%C3%B6rgy%C3%A1r_(egykor_Els%C5%91_Magyar_R%C3%A9szv%C3%A9nyserf%C5%91zde),_t%C5%B1z_a_mal%C3%A1tasz%C3%A1r%C3%ADt%C3%B3ban._A_k%C3%A9p_forr%C3%A1s%C3%A1t_k%C3%A9rj%C3%BCk_Fortepan_-_Budapest_F%C5%91v%C3%A1ros_Lev%C3%A9lt%C3%A1ra._Lev%C3%A9lt%C3%A1ri_jelzet-_HU.BFL.XV.19.c.10_Fortepan_104306.jpg",https://upload.wikimedia.org/wikipedia/commons/thumb/4/44/J%C3%A1szber%C3%A9nyi_%C3%BAt%2C_K%C5%91b%C3%A1nyai_S%C3%B6rgy%C3%A1r_%28egykor_Els%C5%91_Magyar_R%C3%A9szv%C3%A9nyserf%C5%91zde%29%2C_t%C5%B1z_a_mal%C3%A1tasz%C3%A1r%C3%ADt%C3%B3ban._A_k%C3%A9p_forr%C3%A1s%C3%A1t_k%C3%A9rj%C3%BCk_Fortepan_-_Budapest_F%C5%91v%C3%A1ros_Lev%C3%A9lt%C3%A1ra._Lev%C3%A9lt%C3%A1ri_jelzet-_HU.BFL.XV.19.c.10_Fortepan_104306.jpg/960px-thumbnail.jpg?utm_source=commons.wikimedia.org&utm_campaign=imageinfo&utm_content=thumbnail,CC BY-SA 3.0,FOTO:Fortepan — ID 104306: Adományozó/Donor: Budapest Főváros Levéltára. archive copy at the Wayback Machine,960,840,Fire engines
emergency_0109.jpg,emergency,File:LF2 Dieselkarre.jpg,https://commons.wikimedia.org/wiki/File:LF2_Dieselkarre.jpg,https://upload.wikimedia.org/wikipedia/commons/thumb/9/9e/LF2_Dieselkarre.jpg/960px-LF2_Dieselkarre.jpg?utm_source=commons.wikimedia.org&utm_campaign=imageinfo&utm_content=thumbnail,CC BY-SA 4.0,Inspektorpit,960,1280,Fire engines
emergency_0110.jpg,emergency,File:Lindhe brandbil Trollhättan.jpg,https://commons.wikimedia.org/wiki/File:Lindhe_brandbil_Trollh%C3%A4ttan.jpg,https://upload.wikimedia.org/wikipedia/commons/thumb/9/95/Lindhe_brandbil_Trollh%C3%A4ttan.jpg/960px-Lindhe_brandbil_Trollh%C3%A4ttan.jpg?utm_source=commons.wikimedia.org&utm_campaign=imageinfo&utm_content=thumbnail,Public domain,Werner Lindhe,960,615,Fire engines
emergency_0111.jpg,emergency,File:MDFR 100' Sutphen Platform.jpg,https://commons.wikimedia.org/wiki/File:MDFR_100%27_Sutphen_Platform.jpg,https://upload.wikimedia.org/wikipedia/commons/2/21/MDFR_100%27_Sutphen_Platform.jpg?utm_source=commons.wikimedia.org&utm_campaign=imageinfo&utm_content=thumbnail_unscaled,CC BY-SA 4.0,Bouncing Battalion,640,480,Fire engines
emergency_0112.jpg,emergency,File:MGV (1).jpg,https://commons.wikimedia.org/wiki/File:MGV_(1).jpg,https://upload.wikimedia.org/wikipedia/commons/thumb/a/aa/MGV_%281%29.jpg/960px-MGV_%281%29.jpg?utm_source=commons.wikimedia.org&utm_campaign=imageinfo&utm_content=thumbnail,CC BY-SA 4.0,Funki87,960,540,Fire engines
emergency_0113.jpg,emergency,File:MGV (2).jpg,https://commons.wikimedia.org/wiki/File:MGV_(2).jpg,https://upload.wikimedia.org/wikipedia/commons/thumb/7/78/MGV_%282%29.jpg/960px-MGV_%282%29.jpg?utm_source=commons.wikimedia.org&utm_campaign=imageinfo&utm_content=thumbnail,CC BY-SA 4.0,Funki87,960,540,Fire engines
emergency_0114.jpg,emergency,File:Mack heavy rescue squad Maugansville FD MD2.jpg,https://commons.wikimedia.org/wiki/File:Mack_heavy_rescue_squad_Maugansville_FD_MD2.jpg,https://upload.wikimedia.org/wikipedia/commons/thumb/e/ee/Mack_heavy_rescue_squad_Maugansville_FD_MD2.jpg/960px-Mack_heavy_rescue_squad_Maugansville_FD_MD2.jpg?utm_source=commons.wikimedia.org&utm_campaign=imageinfo&utm_content=thumbnail,CC BY-SA 4.0,Acroterion,960,1101,Fire engines
emergency_0115.jpg,emergency,File:Mount Pleasant Fire Department Engine 503 - 01.jpg,https://commons.wikimedia.org/wiki/File:Mount_Pleasant_Fire_Department_Engine_503_-_01.jpg,https://upload.wikimedia.org/wikipedia/commons/thumb/a/ab/Mount_Pleasant_Fire_Department_Engine_503_-_01.jpg/960px-Mount_Pleasant_Fire_Department_Engine_503_-_01.jpg?utm_source=commons.wikimedia.org&utm_campaign=imageinfo&utm_content=thumbnail,CC BY-SA 4.0,Oleg Yunakov,960,757,Fire engines
emergency_0116.jpg,emergency,File:Mount Pleasant Fire Department Engine 503 - 02.jpg,https://commons.wikimedia.org/wiki/File:Mount_Pleasant_Fire_Department_Engine_503_-_02.jpg,https://upload.wikimedia.org/wikipedia/commons/thumb/7/71/Mount_Pleasant_Fire_Department_Engine_503_-_02.jpg/960px-Mount_Pleasant_Fire_Department_Engine_503_-_02.jpg?utm_source=commons.wikimedia.org&utm_campaign=imageinfo&utm_content=thumbnail,CC BY-SA 4.0,Oleg Yunakov,960,480,Fire engines
emergency_0117.jpg,emergency,File:Mount Pleasant Fire Department Engine 503 - 03.jpg,https://commons.wikimedia.org/wiki/File:Mount_Pleasant_Fire_Department_Engine_503_-_03.jpg,https://upload.wikimedia.org/wikipedia/commons/thumb/6/64/Mount_Pleasant_Fire_Department_Engine_503_-_03.jpg/960px-Mount_Pleasant_Fire_Department_Engine_503_-_03.jpg?utm_source=commons.wikimedia.org&utm_campaign=imageinfo&utm_content=thumbnail,CC BY-SA 4.0,Oleg Yunakov,960,720,Fire engines
emergency_0118.jpg,emergency,File:Mount Pleasant Fire Department Engine 503 - 04.jpg,https://commons.wikimedia.org/wiki/File:Mount_Pleasant_Fire_Department_Engine_503_-_04.jpg,https://upload.wikimedia.org/wikipedia/commons/thumb/d/da/Mount_Pleasant_Fire_Department_Engine_503_-_04.jpg/960px-Mount_Pleasant_Fire_Department_Engine_503_-_04.jpg?utm_source=commons.wikimedia.org&utm_campaign=imageinfo&utm_content=thumbnail,CC BY-SA 4.0,Oleg Yunakov,960,720,Fire engines
emergency_0119.jpg,emergency,File:Mount Pleasant Fire Department Engine 503 - 05.jpg,https://commons.wikimedia.org/wiki/File:Mount_Pleasant_Fire_Department_Engine_503_-_05.jpg,https://upload.wikimedia.org/wikipedia/commons/thumb/4/40/Mount_Pleasant_Fire_Department_Engine_503_-_05.jpg/960px-Mount_Pleasant_Fire_Department_Engine_503_-_05.jpg?utm_source=commons.wikimedia.org&utm_campaign=imageinfo&utm_content=thumbnail,CC BY-SA 4.0,Oleg Yunakov,960,1280,Fire engines
emergency_0120.png,emergency,File:Old Fire Engine.png,https://commons.wikimedia.org/wiki/File:Old_Fire_Engine.png,https://upload.wikimedia.org/wikipedia/commons/thumb/e/e0/Old_Fire_Engine.png/960px-Old_Fire_Engine.png?utm_source=commons.wikimedia.org&utm_campaign=imageinfo&utm_content=thumbnail,Public domain,"Phillips Academy, Claude Fuess",960,725,Fire engines
emergency_0121.png,emergency,"File:Opening of the new fire station on the Hutt Road at Silverstream, 1938 ATLIB 310261.png","https://commons.wikimedia.org/wiki/File:Opening_of_the_new_fire_station_on_the_Hutt_Road_at_Silverstream,_1938_ATLIB_310261.png",https://upload.wikimedia.org/wikipedia/commons/thumb/f/f1/Opening_of_the_new_fire_station_on_the_Hutt_Road_at_Silverstream%2C_1938_ATLIB_310261.png/960px-Opening_of_the_new_fire_station_on_the_Hutt_Road_at_Silverstream%2C_1938_ATLIB_310261.png?utm_source=commons.wikimedia.org&utm_campaign=imageinfo&utm_content=thumbnail,Public domain,"Godber, Albert Percy, 1875-1949",960,741,Fire engines
emergency_0122.jpg,emergency,File:Panaga 25072021 (2).jpg,https://commons.wikimedia.org/wiki/File:Panaga_25072021_(2).jpg,https://upload.wikimedia.org/wikipedia/commons/thumb/a/af/Panaga_25072021_%282%29.jpg/960px-Panaga_25072021_%282%29.jpg?utm_source=commons.wikimedia.org&utm_campaign=imageinfo&utm_content=thumbnail,CC BY-SA 4.0,DeltaSquad833,960,720,Fire engines
emergency_0123.jpg,emergency,File:Panther (32493284480).jpg,https://commons.wikimedia.org/wiki/File:Panther_(32493284480).jpg,https://upload.wikimedia.org/wikipedia/commons/thumb/3/3b/Panther_%2832493284480%29.jpg/960px-Panther_%2832493284480%29.jpg?utm_source=commons.wikimedia.org&utm_campaign=imageinfo&utm_content=thumbnail,CC BY-SA 2.0,"Bob Adams from Amanzimtoti, South Africa",960,547,Fire engines
emergency_0124.jpg,emergency,"File:Pompiers sapeurs planche - Firefighters, firefighting, fire trucks, uniforms, historical, in France, illustrations, etc. - Public domain illustration from Larousse du XXème siècle 1932.jpg","https://commons.wikimedia.org/wiki/File:Pompiers_sapeurs_planche_-_Firefighters,_firefighting,_fire_trucks,_uniforms,_historical,_in_France,_illustrations,_etc._-_Public_domain_illustration_from_Larousse_du_XX%C3%A8me_si%C3%A8cle_1932.jpg",https://upload.wikimedia.org/wikipedia/commons/thumb/9/94/Pompiers_sapeurs_planche_-_Firefighters%2C_firefighting%2C_fire_trucks%2C_uniforms%2C_historical%2C_in_France%2C_illustrations%2C_etc._-_Public_domain_illustration_from_Larousse_du_XX%C3%A8me_si%C3%A8cle_1932.jpg/960px-thumbnail.jpg?utm_source=commons.wikimedia.org&utm_campaign=imageinfo&utm_content=thumbnail,CC0,EN NOIR &amp; BLANC,960,1334,Fire engines
emergency_0125.jpg,emergency,File:PSM V47 D492 Hero's fire engine.jpg,https://commons.wikimedia.org/wiki/File:PSM_V47_D492_Hero%27s_fire_engine.jpg,https://upload.wikimedia.org/wikipedia/commons/0/08/PSM_V47_D492_Hero%27s_fire_engine.jpg?utm_source=commons.wikimedia.org&utm_campaign=imageinfo&utm_content=thumbnail_unscaled,Public domain,Unknown authorUnknown author,801,786,Fire engines
emergency_0126.jpg,emergency,File:Portage County Homeland Security Emergency Management Logo (18802353864).jpg,https://commons.wikimedia.org/wiki/File:Portage_County_Homeland_Security_Emergency_Management_Logo_(18802353864).jpg,https://upload.wikimedia.org/wikipedia/commons/thumb/8/82/Portage_County_Homeland_Security_Emergency_Management_Logo_%2818802353864%29.jpg/960px-Portage_County_Homeland_Security_Emergency_Management_Logo_%2818802353864%29.jpg?utm_source=commons.wikimedia.org&utm_campaign=imageinfo&utm_content=thumbnail,CC BY-SA 2.0,"Raymond Wambsgans from Akron Ohio, USA",960,640,Fire engines
emergency_0127.jpg,emergency,File:Proportion - Flickr - Night Photo.jpg,https://commons.wikimedia.org/wiki/File:Proportion_-_Flickr_-_Night_Photo.jpg,https://upload.wikimedia.org/wikipedia/commons/thumb/3/3b/Proportion_-_Flickr_-_Night_Photo.jpg/960px-Proportion_-_Flickr_-_Night_Photo.jpg?utm_source=commons.wikimedia.org&utm_campaign=imageinfo&utm_content=thumbnail,CC BY 2.0,"Maxx@night from Austin, Texas. USA",960,640,Fire engines
emergency_0128.jpg,emergency,File:Préventorium de Dolhain.jpg,https://commons.wikimedia.org/wiki/File:Pr%C3%A9ventorium_de_Dolhain.jpg,https://upload.wikimedia.org/wikipedia/commons/thumb/2/2d/Pr%C3%A9ventorium_de_Dolhain.jpg/960px-Pr%C3%A9ventorium_de_Dolhain.jpg?utm_source=commons.wikimedia.org&utm_campaign=imageinfo&utm_content=thumbnail,CC BY-SA 4.0,NazanNazan,960,1280,Fire engines
emergency_0129.jpg,emergency,File:Pumpbay.jpg,https://commons.wikimedia.org/wiki/File:Pumpbay.jpg,https://upload.wikimedia.org/wikipedia/commons/thumb/f/f3/Pumpbay.jpg/960px-Pumpbay.jpg?utm_source=commons.wikimedia.org&utm_campaign=imageinfo&utm_content=thumbnail,CC BY-SA 3.0,Heggyhomolit,960,864,Fire engines
emergency_0130.jpg,emergency,File:Rabil Airport IMG 4333.jpg,https://commons.wikimedia.org/wiki/File:Rabil_Airport_IMG_4333.jpg,https://upload.wikimedia.org/wikipedia/commons/thumb/3/3e/Rabil_Airport_IMG_4333.jpg/960px-Rabil_Airport_IMG_4333.jpg?utm_source=commons.wikimedia.org&utm_campaign=imageinfo&utm_content=thumbnail,CC BY-SA 4.0,Horst,960,720,Fire engines
emergency_0131.jpg,emergency,File:Rescue Kymenlaakso 151 & 431.jpg,https://commons.wikimedia.org/wiki/File:Rescue_Kymenlaakso_151_%26_431.jpg,https://upload.wikimedia.org/wikipedia/commons/thumb/d/d9/Rescue_Kymenlaakso_151_%26_431.jpg/960px-Rescue_Kymenlaakso_151_%26_431.jpg?utm_source=commons.wikimedia.org&utm_campaign=imageinfo&utm_content=thumbnail,CC BY 4.0,DanFire24,960,540,Fire engines
emergency_0132.jpg,emergency,File:Rescue Kymenlaakso 501.jpg,https://commons.wikimedia.org/wiki/File:Rescue_Kymenlaakso_501.jpg,https://upload.wikimedia.org/wikipedia/commons/thumb/9/9b/Rescue_Kymenlaakso_501.jpg/960px-Rescue_Kymenlaakso_501.jpg?utm_source=commons.wikimedia.org&utm_campaign=imageinfo&utm_content=thumbnail,CC BY 4.0,DanFire24,960,540,Fire engines
emergency_0133.jpg,emergency,File:Rescue Kymenlaakso 532.jpg,https://commons.wikimedia.org/wiki/File:Rescue_Kymenlaakso_532.jpg,https://upload.wikimedia.org/wikipedia/commons/thumb/d/d5/Rescue_Kymenlaakso_532.jpg/960px-Rescue_Kymenlaakso_532.jpg?utm_source=commons.wikimedia.org&utm_campaign=imageinfo&utm_content=thumbnail,CC BY 4.0,DanFire24,960,540,Fire engines
emergency_0134.jpg,emergency,File:Rescue Päijät-Häme 621 & 6232.jpg,https://commons.wikimedia.org/wiki/File:Rescue_P%C3%A4ij%C3%A4t-H%C3%A4me_621_%26_6232.jpg,https://upload.wikimedia.org/wikipedia/commons/thumb/2/25/Rescue_P%C3%A4ij%C3%A4t-H%C3%A4me_621_%26_6232.jpg/960px-Rescue_P%C3%A4ij%C3%A4t-H%C3%A4me_621_%26_6232.jpg?utm_source=commons.wikimedia.org&utm_campaign=imageinfo&utm_content=thumbnail,CC BY 4.0,DanFire24,960,540,Fire engines
emergency_0135.jpg,emergency,File:Snowshill Manor 2015 105.jpg,https://commons.wikimedia.org/wiki/File:Snowshill_Manor_2015_105.jpg,https://upload.wikimedia.org/wikipedia/commons/thumb/c/c4/Snowshill_Manor_2015_105.jpg/960px-Snowshill_Manor_2015_105.jpg?utm_source=commons.wikimedia.org&utm_campaign=imageinfo&utm_content=thumbnail,CC BY-SA 4.0,Photograph by Mike Peel (www.mikepeel.net).,960,640,Fire engines
emergency_0136.jpg,emergency,"File:Tentoonstelling bedrijfsautos 1964 in RAI op voorgrond oud type brandweerauto da, Bestanddeelnr 916-0144.jpg","https://commons.wikimedia.org/wiki/File:Tentoonstelling_bedrijfsautos_1964_in_RAI_op_voorgrond_oud_type_brandweerauto_da,_Bestanddeelnr_916-0144.jpg",https://upload.wikimedia.org/wikipedia/commons/thumb/a/a9/Tentoonstelling_bedrijfsautos_1964_in_RAI_op_voorgrond_oud_type_brandweerauto_da%2C_Bestanddeelnr_916-0144.jpg/960px-Tentoonstelling_bedrijfsautos_1964_in_RAI_op_voorgrond_oud_type_brandweerauto_da%2C_Bestanddeelnr_916-0144.jpg?utm_source=commons.wikimedia.org&utm_campaign=imageinfo&utm_content=thumbnail,CC0,Jack de Nijs for Anefo,960,960,Fire engines
emergency_0137.jpg,emergency,File:Tilley fire engine.jpg,https://commons.wikimedia.org/wiki/File:Tilley_fire_engine.jpg,https://upload.wikimedia.org/wikipedia/commons/thumb/5/5a/Tilley_fire_engine.jpg/960px-Tilley_fire_engine.jpg?utm_source=commons.wikimedia.org&utm_campaign=imageinfo&utm_content=thumbnail,Public domain,Unknown authorUnknown author,960,645,Fire engines
emergency_0138.jpg,emergency,File:Tsukuba Fire Department at Mount Tsukuba 2.jpg,https://commons.wikimedia.org/wiki/File:Tsukuba_Fire_Department_at_Mount_Tsukuba_2.jpg,https://upload.wikimedia.org/wikipedia/commons/thumb/8/86/Tsukuba_Fire_Department_at_Mount_Tsukuba_2.jpg/960px-Tsukuba_Fire_Department_at_Mount_Tsukuba_2.jpg?utm_source=commons.wikimedia.org&utm_campaign=imageinfo&utm_content=thumbnail,CC0,Syced,960,723,Fire engines
emergency_0139.jpg,emergency,"File:USFS BDF E312 at El Dorado Fire, 2020.jpg","https://commons.wikimedia.org/wiki/File:USFS_BDF_E312_at_El_Dorado_Fire,_2020.jpg",https://upload.wikimedia.org/wikipedia/commons/thumb/a/af/USFS_BDF_E312_at_El_Dorado_Fire%2C_2020.jpg/960px-USFS_BDF_E312_at_El_Dorado_Fire%2C_2020.jpg?utm_source=commons.wikimedia.org&utm_campaign=imageinfo&utm_content=thumbnail,Public domain,San Bernardino National Forest,960,720,Fire engines
emergency_0140.jpg,emergency,File:Unsere Katze.jpg,https://commons.wikimedia.org/wiki/File:Unsere_Katze.jpg,https://upload.wikimedia.org/wikipedia/commons/8/85/Unsere_Katze.jpg?utm_source=commons.wikimedia.org&utm_campaign=imageinfo&utm_content=thumbnail_unscaled,CC BY-SA 4.0,Alex 6210,259,172,Fire engines
emergency_0141.png,emergency,File:Мобильный противопожарный комплекс.png,https://commons.wikimedia.org/wiki/File:%D0%9C%D0%BE%D0%B1%D0%B8%D0%BB%D1%8C%D0%BD%D1%8B%D0%B9_%D0%BF%D1%80%D0%BE%D1%82%D0%B8%D0%B2%D0%BE%D0%BF%D0%BE%D0%B6%D0%B0%D1%80%D0%BD%D1%8B%D0%B9_%D0%BA%D0%BE%D0%BC%D0%BF%D0%BB%D0%B5%D0%BA%D1%81.png,https://upload.wikimedia.org/wikipedia/commons/3/32/%D0%9C%D0%BE%D0%B1%D0%B8%D0%BB%D1%8C%D0%BD%D1%8B%D0%B9_%D0%BF%D1%80%D0%BE%D1%82%D0%B8%D0%B2%D0%BE%D0%BF%D0%BE%D0%B6%D0%B0%D1%80%D0%BD%D1%8B%D0%B9_%D0%BA%D0%BE%D0%BC%D0%BF%D0%BB%D0%B5%D0%BA%D1%81.png?utm_source=commons.wikimedia.org&utm_campaign=imageinfo&utm_content=thumbnail_unscaled,CC BY-SA 4.0,Maxsusenergogaz,629,538,Fire engines
emergency_0142.jpg,emergency,File:חיפה - תרגילי לימוד של מכבי אש-JNF006118.jpeg,https://commons.wikimedia.org/wiki/File:%D7%97%D7%99%D7%A4%D7%94_-_%D7%AA%D7%A8%D7%92%D7%99%D7%9C%D7%99_%D7%9C%D7%99%D7%9E%D7%95%D7%93_%D7%A9%D7%9C_%D7%9E%D7%9B%D7%91%D7%99_%D7%90%D7%A9-JNF006118.jpeg,https://upload.wikimedia.org/wikipedia/commons/8/8a/%D7%97%D7%99%D7%A4%D7%94_-_%D7%AA%D7%A8%D7%92%D7%99%D7%9C%D7%99_%D7%9C%D7%99%D7%9E%D7%95%D7%93_%D7%A9%D7%9C_%D7%9E%D7%9B%D7%91%D7%99_%D7%90%D7%A9-JNF006118.jpeg?utm_source=commons.wikimedia.org&utm_campaign=imageinfo&utm_content=thumbnail_unscaled,Public domain,Zoltan Kluger,600,398,Fire engines
non_emergency_0000.jpg,non_emergency,File:1917 Detroit Free Press Sun May 27 1917.jpg,https://commons.wikimedia.org/wiki/File:1917_Detroit_Free_Press_Sun_May_27_1917.jpg,https://upload.wikimedia.org/wikipedia/commons/thumb/8/82/1917_Detroit_Free_Press_Sun_May_27_1917.jpg/960px-1917_Detroit_Free_Press_Sun_May_27_1917.jpg?utm_source=commons.wikimedia.org&utm_campaign=imageinfo&utm_content=thumbnail,Public domain,Unknown authorUnknown author,960,1563,Sedans
non_emergency_0001.png,non_emergency,File:1917 Nelson car.png,https://commons.wikimedia.org/wiki/File:1917_Nelson_car.png,https://upload.wikimedia.org/wikipedia/commons/4/4a/1917_Nelson_car.png?utm_source=commons.wikimedia.org&utm_campaign=imageinfo&utm_content=thumbnail_unscaled,Public domain,Unknown authorUnknown author,791,435,Sedans
non_emergency_0002.jpg,non_emergency,File:1924 Lincoln Model L Sedan.jpg,https://commons.wikimedia.org/wiki/File:1924_Lincoln_Model_L_Sedan.jpg,https://upload.wikimedia.org/wikipedia/commons/thumb/4/47/1924_Lincoln_Model_L_Sedan.jpg/960px-1924_Lincoln_Model_L_Sedan.jpg?utm_source=commons.wikimedia.org&utm_campaign=imageinfo&utm_content=thumbnail,CC BY 2.0,Anorak Cline,960,720,Sedans
non_emergency_0003.jpg,non_emergency,File:1929 Graham sedan precariously balanced between the road and ditch (3208936814).jpg,https://commons.wikimedia.org/wiki/File:1929_Graham_sedan_precariously_balanced_between_the_road_and_ditch_(3208936814).jpg,https://upload.wikimedia.org/wikipedia/commons/3/3e/1929_Graham_sedan_precariously_balanced_between_the_road_and_ditch_%283208936814%29.jpg?utm_source=commons.wikimedia.org&utm_campaign=imageinfo&utm_content=thumbnail_unscaled,No restrictions,"State Library of Queensland, Australia",500,356,Sedans
non_emergency_0004.jpg,non_emergency,File:2024 BYD Seal 06 DM-i.jpg,https://commons.wikimedia.org/wiki/File:2024_BYD_Seal_06_DM-i.jpg,https://upload.wikimedia.org/wikipedia/commons/thumb/1/1b/2024_BYD_Seal_06_DM-i.jpg/960px-2024_BYD_Seal_06_DM-i.jpg?utm_source=commons.wikimedia.org&utm_campaign=imageinfo&utm_content=thumbnail,CC BY-SA 4.0,User3204,960,544,Sedans
non_emergency_0005.jpg,non_emergency,File:Abandoned car at the Salt Marsh (10835).jpg,https://commons.wikimedia.org/wiki/File:Abandoned_car_at_the_Salt_Marsh_(10835).jpg,https://upload.wikimedia.org/wikipedia/commons/thumb/8/85/Abandoned_car_at_the_Salt_Marsh_%2810835%29.jpg/960px-Abandoned_car_at_the_Salt_Marsh_%2810835%29.jpg?utm_source=commons.wikimedia.org&utm_campaign=imageinfo&utm_content=thumbnail,CC BY-SA 4.0,Rhododendrites,960,734,Sedans
non_emergency_0006.jpg,non_emergency,File:BYD Seal 06 DM-i 004.jpg,https://commons.wikimedia.org/wiki/File:BYD_Seal_06_DM-i_004.jpg,https://upload.wikimedia.org/wikipedia/commons/thumb/8/83/BYD_Seal_06_DM-i_004.jpg/960px-BYD_Seal_06_DM-i_004.jpg?utm_source=commons.wikimedia.org&utm_campaign=imageinfo&utm_content=thumbnail,CC0,JustAnotherCarDesigner,960,720,Sedans
non_emergency_0007.jpg,non_emergency,File:BYD Seal 06 DM-i 005.jpg,https://commons.wikimedia.org/wiki/File:BYD_Seal_06_DM-i_005.jpg,https://upload.wikimedia.org/wikipedia/commons/thumb/f/f7/BYD_Seal_06_DM-i_005.jpg/960px-BYD_Seal_06_DM-i_005.jpg?utm_source=commons.wikimedia.org&utm_campaign=imageinfo&utm_content=thumbnail,CC0,JustAnotherCarDesigner,960,720,Sedans
non_emergency_0008.jpg,non_emergency,File:BYD Seal 06 DM-i 006.jpg,https://commons.wikimedia.org/wiki/File:BYD_Seal_06_DM-i_006.jpg,https://upload.wikimedia.org/wikipedia/commons/thumb/f/f1/BYD_Seal_06_DM-i_006.jpg/960px-BYD_Seal_06_DM-i_006.jpg?utm_source=commons.wikimedia.org&utm_campaign=imageinfo&utm_content=thumbnail,CC0,JustAnotherCarDesigner,960,720,Sedans
non_emergency_0009.jpg,non_emergency,File:BYD Seal 06 DM-i 007.jpg,https://commons.wikimedia.org/wiki/File:BYD_Seal_06_DM-i_007.jpg,https://upload.wikimedia.org/wikipedia/commons/thumb/c/cb/BYD_Seal_06_DM-i_007.jpg/960px-BYD_Seal_06_DM-i_007.jpg?utm_source=commons.wikimedia.org&utm_campaign=imageinfo&utm_content=thumbnail,CC0,JustAnotherCarDesigner,960,720,Sedans
non_emergency_0010.jpg,non_emergency,File:BYD Seal 06 DM-i 008.jpg,https://commons.wikimedia.org/wiki/File:BYD_Seal_06_DM-i_008.jpg,https://upload.wikimedia.org/wikipedia/commons/thumb/8/89/BYD_Seal_06_DM-i_008.jpg/960px-BYD_Seal_06_DM-i_008.jpg?utm_source=commons.wikimedia.org&utm_campaign=imageinfo&utm_content=thumbnail,CC0,JustAnotherCarDesigner,960,720,Sedans
non_emergency_0011.jpg,non_emergency,File:Maibohm Model B-6 Sedan 1922.jpg,https://commons.wikimedia.org/wiki/File:Maibohm_Model_B-6_Sedan_1922.jpg,https://upload.wikimedia.org/wikipedia/commons/2/27/Maibohm_Model_B-6_Sedan_1922.jpg?utm_source=commons.wikimedia.org&utm_campaign=imageinfo&utm_content=thumbnail_unscaled,Public domain,Unknown authorUnknown author,506,280,Sedans
non_emergency_0012.png,non_emergency,"File:Mercedes-Benz 300D Turbo Diesel (W123) in La Jolla, California (May 21, 2026).png","https://commons.wikimedia.org/wiki/File:Mercedes-Benz_300D_Turbo_Diesel_(W123)_in_La_Jolla,_California_(May_21,_2026).png",https://upload.wikimedia.org/wikipedia/commons/thumb/0/03/Mercedes-Benz_300D_Turbo_Diesel_%28W123%29_in_La_Jolla%2C_California_%28May_21%2C_2026%29.png/960px-Mercedes-Benz_300D_Turbo_Diesel_%28W123%29_in_La_Jolla%2C_California_%28May_21%2C_2026%29.png?utm_source=commons.wikimedia.org&utm_campaign=imageinfo&utm_content=thumbnail,CC BY-SA 4.0,Tomtom7777,960,638,Sedans
non_emergency_0013.png,non_emergency,File:Nelson 1920 car1.png,https://commons.wikimedia.org/wiki/File:Nelson_1920_car1.png,https://upload.wikimedia.org/wikipedia/commons/7/7e/Nelson_1920_car1.png?utm_source=commons.wikimedia.org&utm_campaign=imageinfo&utm_content=thumbnail_unscaled,Public domain,Unknown authorUnknown author,283,164,Sedans
non_emergency_0014.jpg,non_emergency,File:Nelson Model D roadster and sedan.jpg,https://commons.wikimedia.org/wiki/File:Nelson_Model_D_roadster_and_sedan.jpg,https://upload.wikimedia.org/wikipedia/commons/a/a1/Nelson_Model_D_roadster_and_sedan.jpg?utm_source=commons.wikimedia.org&utm_campaign=imageinfo&utm_content=thumbnail_unscaled,Public domain,Unknown authorUnknown author,490,262,Sedans
non_emergency_0015.jpg,non_emergency,File:Sedan 1634 Tassin 15912.jpg,https://commons.wikimedia.org/wiki/File:Sedan_1634_Tassin_15912.jpg,https://upload.wikimedia.org/wikipedia/commons/thumb/7/7c/Sedan_1634_Tassin_15912.jpg/960px-Sedan_1634_Tassin_15912.jpg?utm_source=commons.wikimedia.org&utm_campaign=imageinfo&utm_content=thumbnail,Public domain,Christophe Tassin,960,676,Sedans
non_emergency_0016.jpg,non_emergency,File:Sedan – Studebaker line radically reconstructed.jpg,https://commons.wikimedia.org/wiki/File:Sedan_%E2%80%93_Studebaker_line_radically_reconstructed.jpg,https://upload.wikimedia.org/wikipedia/commons/thumb/9/99/Sedan_%E2%80%93_Studebaker_line_radically_reconstructed.jpg/960px-Sedan_%E2%80%93_Studebaker_line_radically_reconstructed.jpg?utm_source=commons.wikimedia.org&utm_campaign=imageinfo&utm_content=thumbnail,Public domain,Unknown authorUnknown author,960,1303,Sedans
non_emergency_0017.png,non_emergency,File:Sedan – Studebaker line radically reconstructed cont'd.png,https://commons.wikimedia.org/wiki/File:Sedan_%E2%80%93_Studebaker_line_radically_reconstructed_cont%27d.png,https://upload.wikimedia.org/wikipedia/commons/thumb/7/7e/Sedan_%E2%80%93_Studebaker_line_radically_reconstructed_cont%27d.png/960px-Sedan_%E2%80%93_Studebaker_line_radically_reconstructed_cont%27d.png?utm_source=commons.wikimedia.org&utm_campaign=imageinfo&utm_content=thumbnail,Public domain,Unknown authorUnknown author,960,1328,Sedans
non_emergency_0018.jpg,non_emergency,File:Wagon and sedan.jpg,https://commons.wikimedia.org/wiki/File:Wagon_and_sedan.jpg,https://upload.wikimedia.org/wikipedia/commons/0/03/Wagon_and_sedan.jpg?utm_source=commons.wikimedia.org&utm_campaign=imageinfo&utm_content=thumbnail_unscaled,Public domain,842U (talk),800,299,Sedans
non_emergency_0019.jpg,non_emergency,"File:ВАЗ-2101 1970 г.в. в разрезе, вид сбоку.jpg","https://commons.wikimedia.org/wiki/File:%D0%92%D0%90%D0%97-2101_1970_%D0%B3.%D0%B2._%D0%B2_%D1%80%D0%B0%D0%B7%D1%80%D0%B5%D0%B7%D0%B5,_%D0%B2%D0%B8%D0%B4_%D1%81%D0%B1%D0%BE%D0%BA%D1%83.jpg",https://upload.wikimedia.org/wikipedia/commons/thumb/c/cb/%D0%92%D0%90%D0%97-2101_1970_%D0%B3.%D0%B2._%D0%B2_%D1%80%D0%B0%D0%B7%D1%80%D0%B5%D0%B7%D0%B5%2C_%D0%B2%D0%B8%D0%B4_%D1%81%D0%B1%D0%BE%D0%BA%D1%83.jpg/960px-%D0%92%D0%90%D0%97-2101_1970_%D0%B3.%D0%B2._%D0%B2_%D1%80%D0%B0%D0%B7%D1%80%D0%B5%D0%B7%D0%B5%2C_%D0%B2%D0%B8%D0%B4_%D1%81%D0%B1%D0%BE%D0%BA%D1%83.jpg?utm_source=commons.wikimedia.org&utm_campaign=imageinfo&utm_content=thumbnail,CC BY 4.0,U51N433,960,540,Sedans
non_emergency_0020.jpg,non_emergency,"File:ВАЗ-2101 1970 г.в. в разрезе, вид сзади.jpg","https://commons.wikimedia.org/wiki/File:%D0%92%D0%90%D0%97-2101_1970_%D0%B3.%D0%B2._%D0%B2_%D1%80%D0%B0%D0%B7%D1%80%D0%B5%D0%B7%D0%B5,_%D0%B2%D0%B8%D0%B4_%D1%81%D0%B7%D0%B0%D0%B4%D0%B8.jpg",https://upload.wikimedia.org/wikipedia/commons/thumb/4/4f/%D0%92%D0%90%D0%97-2101_1970_%D0%B3.%D0%B2._%D0%B2_%D1%80%D0%B0%D0%B7%D1%80%D0%B5%D0%B7%D0%B5%2C_%D0%B2%D0%B8%D0%B4_%D1%81%D0%B7%D0%B0%D0%B4%D0%B8.jpg/960px-%D0%92%D0%90%D0%97-2101_1970_%D0%B3.%D0%B2._%D0%B2_%D1%80%D0%B0%D0%B7%D1%80%D0%B5%D0%B7%D0%B5%2C_%D0%B2%D0%B8%D0%B4_%D1%81%D0%B7%D0%B0%D0%B4%D0%B8.jpg?utm_source=commons.wikimedia.org&utm_campaign=imageinfo&utm_content=thumbnail,CC BY 4.0,U51N433,960,540,Sedans
non_emergency_0021.jpg,non_emergency,"File:ВАЗ-2101 1970 г.в. в разрезе, вид спереди.jpg","https://commons.wikimedia.org/wiki/File:%D0%92%D0%90%D0%97-2101_1970_%D0%B3.%D0%B2._%D0%B2_%D1%80%D0%B0%D0%B7%D1%80%D0%B5%D0%B7%D0%B5,_%D0%B2%D0%B8%D0%B4_%D1%81%D0%BF%D0%B5%D1%80%D0%B5%D0%B4%D0%B8.jpg",https://upload.wikimedia.org/wikipedia/commons/thumb/7/70/%D0%92%D0%90%D0%97-2101_1970_%D0%B3.%D0%B2._%D0%B2_%D1%80%D0%B0%D0%B7%D1%80%D0%B5%D0%B7%D0%B5%2C_%D0%B2%D0%B8%D0%B4_%D1%81%D0%BF%D0%B5%D1%80%D0%B5%D0%B4%D0%B8.jpg/960px-%D0%92%D0%90%D0%97-2101_1970_%D0%B3.%D0%B2._%D0%B2_%D1%80%D0%B0%D0%B7%D1%80%D0%B5%D0%B7%D0%B5%2C_%D0%B2%D0%B8%D0%B4_%D1%81%D0%BF%D0%B5%D1%80%D0%B5%D0%B4%D0%B8.jpg?utm_source=commons.wikimedia.org&utm_campaign=imageinfo&utm_content=thumbnail,CC BY 4.0,U51N433,960,540,Sedans
non_emergency_0022.jpg,non_emergency,"File:ВАЗ-2101 1970 г.в. в разрезе, передняя часть.jpg","https://commons.wikimedia.org/wiki/File:%D0%92%D0%90%D0%97-2101_1970_%D0%B3.%D0%B2._%D0%B2_%D1%80%D0%B0%D0%B7%D1%80%D0%B5%D0%B7%D0%B5,_%D0%BF%D0%B5%D1%80%D0%B5%D0%B4%D0%BD%D1%8F%D1%8F_%D1%87%D0%B0%D1%81%D1%82%D1%8C.jpg",https://upload.wikimedia.org/wikipedia/commons/thumb/1/1f/%D0%92%D0%90%D0%97-2101_1970_%D0%B3.%D0%B2._%D0%B2_%D1%80%D0%B0%D0%B7%D1%80%D0%B5%D0%B7%D0%B5%2C_%D0%BF%D0%B5%D1%80%D0%B5%D0%B4%D0%BD%D1%8F%D1%8F_%D1%87%D0%B0%D1%81%D1%82%D1%8C.jpg/960px-%D0%92%D0%90%D0%97-2101_1970_%D0%B3.%D0%B2._%D0%B2_%D1%80%D0%B0%D0%B7%D1%80%D0%B5%D0%B7%D0%B5%2C_%D0%BF%D0%B5%D1%80%D0%B5%D0%B4%D0%BD%D1%8F%D1%8F_%D1%87%D0%B0%D1%81%D1%82%D1%8C.jpg?utm_source=commons.wikimedia.org&utm_campaign=imageinfo&utm_content=thumbnail,CC BY 4.0,U51N433,960,540,Sedans
non_emergency_0023.jpg,non_emergency,File:Car-suv.jpg,https://commons.wikimedia.org/wiki/File:Car-suv.jpg,https://upload.wikimedia.org/wikipedia/commons/thumb/0/0b/Car-suv.jpg/960px-Car-suv.jpg?utm_source=commons.wikimedia.org&utm_campaign=imageinfo&utm_content=thumbnail,CC BY-SA 4.0,Hoppala35,960,720,SUVs
non_emergency_0024.jpg,non_emergency,File:Chabahar Rally 01.jpg,https://commons.wikimedia.org/wiki/File:Chabahar_Rally_01.jpg,https://upload.wikimedia.org/wikipedia/commons/4/49/Chabahar_Rally_01.jpg?utm_source=commons.wikimedia.org&utm_campaign=imageinfo&utm_content=thumbnail_unscaled,CC BY 4.0,Mahin Mohammadzadeh,800,483,SUVs
non_emergency_0025.jpg,non_emergency,File:Daytona International Speedway - Daytona Trip February 2026 (55135388699).jpg,https://commons.wikimedia.org/wiki/File:Daytona_International_Speedway_-_Daytona_Trip_February_2026_(55135388699).jpg,https://upload.wikimedia.org/wikipedia/commons/thumb/f/f5/Daytona_International_Speedway_-_Daytona_Trip_February_2026_%2855135388699%29.jpg/960px-Daytona_International_Speedway_-_Daytona_Trip_February_2026_%2855135388699%29.jpg?utm_source=commons.wikimedia.org&utm_campaign=imageinfo&utm_content=thumbnail,CC BY-SA 4.0,"Mike Kalasnik from Havertown, PA, USA",960,432,SUVs
non_emergency_0026.png,non_emergency,File:Exeed VX.png,https://commons.wikimedia.org/wiki/File:Exeed_VX.png,https://upload.wikimedia.org/wikipedia/commons/thumb/5/51/Exeed_VX.png/960px-Exeed_VX.png?utm_source=commons.wikimedia.org&utm_campaign=imageinfo&utm_content=thumbnail,CC0,Exeed UAE,960,485,SUVs
non_emergency_0027.jpg,non_emergency,File:IAA2007 2007-09-17 12-56-08 - Flickr - Axel Schwenke.jpg,https://commons.wikimedia.org/wiki/File:IAA2007_2007-09-17_12-56-08_-_Flickr_-_Axel_Schwenke.jpg,https://upload.wikimedia.org/wikipedia/commons/thumb/6/61/IAA2007_2007-09-17_12-56-08_-_Flickr_-_Axel_Schwenke.jpg/960px-IAA2007_2007-09-17_12-56-08_-_Flickr_-_Axel_Schwenke.jpg?utm_source=commons.wikimedia.org&utm_campaign=imageinfo&utm_content=thumbnail,CC BY-SA 2.0,"Axel Schwenke from Meschede, Deutschland",960,638,SUVs
non_emergency_0028.jpg,non_emergency,File:Old SUV Cars.jpg,https://commons.wikimedia.org/wiki/File:Old_SUV_Cars.jpg,https://upload.wikimedia.org/wikipedia/commons/thumb/e/eb/Old_SUV_Cars.jpg/960px-Old_SUV_Cars.jpg?utm_source=commons.wikimedia.org&utm_campaign=imageinfo&utm_content=thumbnail,CC BY-SA 4.0,S.M.M.Musabbir Uddin,960,720,SUVs
non_emergency_0029.jpg,non_emergency,File:SUV Kaiyi X3.jpg,https://commons.wikimedia.org/wiki/File:SUV_Kaiyi_X3.jpg,https://upload.wikimedia.org/wikipedia/commons/thumb/7/7b/SUV_Kaiyi_X3.jpg/960px-SUV_Kaiyi_X3.jpg?utm_source=commons.wikimedia.org&utm_campaign=imageinfo&utm_content=thumbnail,CC BY-SA 4.0,Rjcastillo,960,532,SUVs
non_emergency_0030.jpg,non_emergency,File:SUV Kaiyi X3 - 2.jpg,https://commons.wikimedia.org/wiki/File:SUV_Kaiyi_X3_-_2.jpg,https://upload.wikimedia.org/wikipedia/commons/thumb/5/5e/SUV_Kaiyi_X3_-_2.jpg/960px-SUV_Kaiyi_X3_-_2.jpg?utm_source=commons.wikimedia.org&utm_campaign=imageinfo&utm_content=thumbnail,CC BY-SA 4.0,Rjcastillo,960,920,SUVs
non_emergency_0031.png,non_emergency,File:SUVestimate.PNG,https://commons.wikimedia.org/wiki/File:SUVestimate.PNG,https://upload.wikimedia.org/wikipedia/commons/thumb/5/5d/SUVestimate.PNG/960px-SUVestimate.PNG?utm_source=commons.wikimedia.org&utm_campaign=imageinfo&utm_content=thumbnail,CC BY-SA 3.0,Civerson427,960,700,SUVs
non_emergency_0032.png,non_emergency,File:SUVsales.PNG,https://commons.wikimedia.org/wiki/File:SUVsales.PNG,https://upload.wikimedia.org/wikipedia/commons/6/60/SUVsales.PNG?utm_source=commons.wikimedia.org&utm_campaign=imageinfo&utm_content=thumbnail_unscaled,CC BY-SA 3.0,Civerson427,462,568,SUVs
non_emergency_0033.png,non_emergency,File:SUVsales2.PNG,https://commons.wikimedia.org/wiki/File:SUVsales2.PNG,https://upload.wikimedia.org/wikipedia/commons/3/36/SUVsales2.PNG?utm_source=commons.wikimedia.org&utm_campaign=imageinfo&utm_content=thumbnail_unscaled,CC BY-SA 3.0,Civerson427,464,570,SUVs
non_emergency_0034.png,non_emergency,File:Taux de vente de SUVs de 2010 à 2018 monde.png,https://commons.wikimedia.org/wiki/File:Taux_de_vente_de_SUVs_de_2010_%C3%A0_2018_monde.png,https://upload.wikimedia.org/wikipedia/commons/thumb/6/64/Taux_de_vente_de_SUVs_de_2010_%C3%A0_2018_monde.png/960px-Taux_de_vente_de_SUVs_de_2010_%C3%A0_2018_monde.png?utm_source=commons.wikimedia.org&utm_campaign=imageinfo&utm_content=thumbnail,CC BY-SA 4.0,Lamiot,960,806,SUVs
non_emergency_0035.jpg,non_emergency,File:Winter Haven Station - Parking Lot.jpg,https://commons.wikimedia.org/wiki/File:Winter_Haven_Station_-_Parking_Lot.jpg,https://upload.wikimedia.org/wikipedia/commons/thumb/c/c7/Winter_Haven_Station_-_Parking_Lot.jpg/960px-Winter_Haven_Station_-_Parking_Lot.jpg?utm_source=commons.wikimedia.org&utm_campaign=imageinfo&utm_content=thumbnail,CC BY-SA 3.0,DanTD,960,648,SUVs
non_emergency_0036.png,non_emergency,File:3VehiclePerformanceMetrics.png,https://commons.wikimedia.org/wiki/File:3VehiclePerformanceMetrics.png,https://upload.wikimedia.org/wikipedia/commons/thumb/a/a4/3VehiclePerformanceMetrics.png/960px-3VehiclePerformanceMetrics.png?utm_source=commons.wikimedia.org&utm_campaign=imageinfo&utm_content=thumbnail,CC BY-SA 4.0,HB181999,960,455,Pickup trucks
non_emergency_0037.jpg,non_emergency,"File:Aixam, EMS 23, Essen (P1170095).jpg","https://commons.wikimedia.org/wiki/File:Aixam,_EMS_23,_Essen_(P1170095).jpg",https://upload.wikimedia.org/wikipedia/commons/thumb/2/29/Aixam%2C_EMS_23%2C_Essen_%28P1170095%29.jpg/960px-Aixam%2C_EMS_23%2C_Essen_%28P1170095%29.jpg?utm_source=commons.wikimedia.org&utm_campaign=imageinfo&utm_content=thumbnail,CC BY-SA 4.0,MB-one,960,640,Pickup trucks
non_emergency_0038.jpg,non_emergency,File:EEZTOP foldup table closed.jpg,https://commons.wikimedia.org/wiki/File:EEZTOP_foldup_table_closed.jpg,https://upload.wikimedia.org/wikipedia/commons/thumb/f/fc/EEZTOP_foldup_table_closed.jpg/960px-EEZTOP_foldup_table_closed.jpg?utm_source=commons.wikimedia.org&utm_campaign=imageinfo&utm_content=thumbnail,CC BY-SA 4.0,Pachinco71,960,787,Pickup trucks
non_emergency_0039.jpg,non_emergency,File:EEZTOP foldup table open.jpg,https://commons.wikimedia.org/wiki/File:EEZTOP_foldup_table_open.jpg,https://upload.wikimedia.org/wikipedia/commons/thumb/b/bb/EEZTOP_foldup_table_open.jpg/960px-EEZTOP_foldup_table_open.jpg?utm_source=commons.wikimedia.org&utm_campaign=imageinfo&utm_content=thumbnail,CC BY-SA 4.0,Pachinco71,960,664,Pickup trucks
non_emergency_0040.jpg,non_emergency,"File:GIMS 2024, Le Grand-Saconnex (GIMS0041-2).jpg","https://commons.wikimedia.org/wiki/File:GIMS_2024,_Le_Grand-Saconnex_(GIMS0041-2).jpg",https://upload.wikimedia.org/wikipedia/commons/thumb/9/95/GIMS_2024%2C_Le_Grand-Saconnex_%28GIMS0041-2%29.jpg/960px-GIMS_2024%2C_Le_Grand-Saconnex_%28GIMS0041-2%29.jpg?utm_source=commons.wikimedia.org&utm_campaign=imageinfo&utm_content=thumbnail,CC BY-SA 4.0,Matti Blume,960,640,Pickup trucks
non_emergency_0041.jpg,non_emergency,"File:Jiayuan EV, IAA Summit 2023, Munich (P1110684).jpg","https://commons.wikimedia.org/wiki/File:Jiayuan_EV,_IAA_Summit_2023,_Munich_(P1110684).jpg",https://upload.wikimedia.org/wikipedia/commons/thumb/4/4a/Jiayuan_EV%2C_IAA_Summit_2023%2C_Munich_%28P1110684%29.jpg/960px-Jiayuan_EV%2C_IAA_Summit_2023%2C_Munich_%28P1110684%29.jpg?utm_source=commons.wikimedia.org&utm_campaign=imageinfo&utm_content=thumbnail,CC BY-SA 4.0,Matti Blume,960,720,Pickup trucks
non_emergency_0042.jpg,non_emergency,File:Karnaval Kemerdekaan RI 2025 di Desa Pulo Lor 153207.jpg,https://commons.wikimedia.org/wiki/File:Karnaval_Kemerdekaan_RI_2025_di_Desa_Pulo_Lor_153207.jpg,https://upload.wikimedia.org/wikipedia/commons/thumb/9/96/Karnaval_Kemerdekaan_RI_2025_di_Desa_Pulo_Lor_153207.jpg/960px-Karnaval_Kemerdekaan_RI_2025_di_Desa_Pulo_Lor_153207.jpg?utm_source=commons.wikimedia.org&utm_campaign=imageinfo&utm_content=thumbnail,CC BY-SA 4.0,Abdul Hanif Arromy,960,720,Pickup trucks
non_emergency_0043.jpg,non_emergency,"File:Nufam 2023, Rheinstetten (P1130534).jpg","https://commons.wikimedia.org/wiki/File:Nufam_2023,_Rheinstetten_(P1130534).jpg",https://upload.wikimedia.org/wikipedia/commons/thumb/e/ed/Nufam_2023%2C_Rheinstetten_%28P1130534%29.jpg/960px-Nufam_2023%2C_Rheinstetten_%28P1130534%29.jpg?utm_source=commons.wikimedia.org&utm_campaign=imageinfo&utm_content=thumbnail,CC BY-SA 4.0,Matti Blume,960,720,Pickup trucks
non_emergency_0044.jpg,non_emergency,"File:Nufam 2023, Rheinstetten (P1130790).jpg","https://commons.wikimedia.org/wiki/File:Nufam_2023,_Rheinstetten_(P1130790).jpg",https://upload.wikimedia.org/wikipedia/commons/thumb/4/4e/Nufam_2023%2C_Rheinstetten_%28P1130790%29.jpg/960px-Nufam_2023%2C_Rheinstetten_%28P1130790%29.jpg?utm_source=commons.wikimedia.org&utm_campaign=imageinfo&utm_content=thumbnail,CC BY-SA 4.0,Matti Blume,960,720,Pickup trucks
non_emergency_0045.jpg,non_emergency,"File:Nufam 2025, Rheinstetten (20250927-P1050982).jpg","https://commons.wikimedia.org/wiki/File:Nufam_2025,_Rheinstetten_(20250927-P1050982).jpg",https://upload.wikimedia.org/wikipedia/commons/thumb/7/75/Nufam_2025%2C_Rheinstetten_%2820250927-P1050982%29.jpg/960px-Nufam_2025%2C_Rheinstetten_%2820250927-P1050982%29.jpg?utm_source=commons.wikimedia.org&utm_campaign=imageinfo&utm_content=thumbnail,CC BY-SA 4.0,Matti Blume,960,1280,Pickup trucks
non_emergency_0046.jpg,non_emergency,"File:Nufam 2025, Rheinstetten (20250927-P1051039).jpg","https://commons.wikimedia.org/wiki/File:Nufam_2025,_Rheinstetten_(20250927-P1051039).jpg",https://upload.wikimedia.org/wikipedia/commons/thumb/a/a3/Nufam_2025%2C_Rheinstetten_%2820250927-P1051039%29.jpg/960px-Nufam_2025%2C_Rheinstetten_%2820250927-P1051039%29.jpg?utm_source=commons.wikimedia.org&utm_campaign=imageinfo&utm_content=thumbnail,CC BY-SA 4.0,Matti Blume,960,1280,Pickup trucks
non_emergency_0047.jpg,non_emergency,"File:Piaggio Porter, Nufam 2025, Rheinstetten (20250927-P1050936).jpg","https://commons.wikimedia.org/wiki/File:Piaggio_Porter,_Nufam_2025,_Rheinstetten_(20250927-P1050936).jpg",https://upload.wikimedia.org/wikipedia/commons/thumb/6/60/Piaggio_Porter%2C_Nufam_2025%2C_Rheinstetten_%2820250927-P1050936%29.jpg/960px-Piaggio_Porter%2C_Nufam_2025%2C_Rheinstetten_%2820250927-P1050936%29.jpg?utm_source=commons.wikimedia.org&utm_campaign=imageinfo&utm_content=thumbnail,CC BY-SA 4.0,Matti Blume,960,640,Pickup trucks
non_emergency_0048.jpg,non_emergency,"File:Piaggio Porter, Nufam 2025, Rheinstetten (20250927-P1051078).jpg","https://commons.wikimedia.org/wiki/File:Piaggio_Porter,_Nufam_2025,_Rheinstetten_(20250927-P1051078).jpg",https://upload.wikimedia.org/wikipedia/commons/thumb/3/3d/Piaggio_Porter%2C_Nufam_2025%2C_Rheinstetten_%2820250927-P1051078%29.jpg/960px-Piaggio_Porter%2C_Nufam_2025%2C_Rheinstetten_%2820250927-P1051078%29.jpg?utm_source=commons.wikimedia.org&utm_campaign=imageinfo&utm_content=thumbnail,CC BY-SA 4.0,Matti Blume,960,720,Pickup trucks
non_emergency_0049.jpg,non_emergency,"File:Piaggio Porter, Nufam 2025, Rheinstetten (20250927-P1051139).jpg","https://commons.wikimedia.org/wiki/File:Piaggio_Porter,_Nufam_2025,_Rheinstetten_(20250927-P1051139).jpg",https://upload.wikimedia.org/wikipedia/commons/thumb/0/00/Piaggio_Porter%2C_Nufam_2025%2C_Rheinstetten_%2820250927-P1051139%29.jpg/960px-Piaggio_Porter%2C_Nufam_2025%2C_Rheinstetten_%2820250927-P1051139%29.jpg?utm_source=commons.wikimedia.org&utm_campaign=imageinfo&utm_content=thumbnail,CC BY-SA 4.0,Matti Blume,960,720,Pickup trucks
non_emergency_0050.png,non_emergency,File:Pickup Truck (NIH BioArt 405).png,https://commons.wikimedia.org/wiki/File:Pickup_Truck_(NIH_BioArt_405).png,https://upload.wikimedia.org/wikipedia/commons/thumb/6/6f/Pickup_Truck_%28NIH_BioArt_405%29.png/960px-Pickup_Truck_%28NIH_BioArt_405%29.png?utm_source=commons.wikimedia.org&utm_campaign=imageinfo&utm_content=thumbnail,Public domain,"Courtesy of NIAID

Ryan Kissinger",960,332,Pickup trucks
non_emergency_0051.jpg,non_emergency,File:SDT LOGO.jpg,https://commons.wikimedia.org/wiki/File:SDT_LOGO.jpg,https://upload.wikimedia.org/wikipedia/commons/thumb/a/a3/SDT_LOGO.jpg/960px-SDT_LOGO.jpg?utm_source=commons.wikimedia.org&utm_campaign=imageinfo&utm_content=thumbnail,CC BY-SA 4.0,Altoidstin,960,384,Pickup trucks
non_emergency_0052.jpg,non_emergency,"File:Techno-Classica 2025, Essen (P1045999).jpg","https://commons.wikimedia.org/wiki/File:Techno-Classica_2025,_Essen_(P1045999).jpg",https://upload.wikimedia.org/wikipedia/commons/thumb/4/42/Techno-Classica_2025%2C_Essen_%28P1045999%29.jpg/960px-Techno-Classica_2025%2C_Essen_%28P1045999%29.jpg?utm_source=commons.wikimedia.org&utm_campaign=imageinfo&utm_content=thumbnail,CC BY-SA 4.0,Matti Blume,960,720,Pickup trucks
non_emergency_0053.jpg,non_emergency,File:عربات النقل العشوائي بقرية الكونيسة جنوب الجيزة.jpg,https://commons.wikimedia.org/wiki/File:%D8%B9%D8%B1%D8%A8%D8%A7%D8%AA_%D8%A7%D9%84%D9%86%D9%82%D9%84_%D8%A7%D9%84%D8%B9%D8%B4%D9%88%D8%A7%D8%A6%D9%8A_%D8%A8%D9%82%D8%B1%D9%8A%D8%A9_%D8%A7%D9%84%D9%83%D9%88%D9%86%D9%8A%D8%B3%D8%A9_%D8%AC%D9%86%D9%88%D8%A8_%D8%A7%D9%84%D8%AC%D9%8A%D8%B2%D8%A9.jpg,https://upload.wikimedia.org/wikipedia/commons/thumb/e/e1/%D8%B9%D8%B1%D8%A8%D8%A7%D8%AA_%D8%A7%D9%84%D9%86%D9%82%D9%84_%D8%A7%D9%84%D8%B9%D8%B4%D9%88%D8%A7%D8%A6%D9%8A_%D8%A8%D9%82%D8%B1%D9%8A%D8%A9_%D8%A7%D9%84%D9%83%D9%88%D9%86%D9%8A%D8%B3%D8%A9_%D8%AC%D9%86%D9%88%D8%A8_%D8%A7%D9%84%D8%AC%D9%8A%D8%B2%D8%A9.jpg/960px-%D8%B9%D8%B1%D8%A8%D8%A7%D8%AA_%D8%A7%D9%84%D9%86%D9%82%D9%84_%D8%A7%D9%84%D8%B9%D8%B4%D9%88%D8%A7%D8%A6%D9%8A_%D8%A8%D9%82%D8%B1%D9%8A%D8%A9_%D8%A7%D9%84%D9%83%D9%88%D9%86%D9%8A%D8%B3%D8%A9_%D8%AC%D9%86%D9%88%D8%A8_%D8%A7%D9%84%D8%AC%D9%8A%D8%B2%D8%A9.jpg?utm_source=commons.wikimedia.org&utm_campaign=imageinfo&utm_content=thumbnail,CC BY-SA 4.0,Walid777999,960,1707,Pickup trucks
non_emergency_0054.jpg,non_emergency,"File:Busy traffic, Derry - Londonderry - geograph.org.uk - 3602526.jpg","https://commons.wikimedia.org/wiki/File:Busy_traffic,_Derry_-_Londonderry_-_geograph.org.uk_-_3602526.jpg",https://upload.wikimedia.org/wikipedia/commons/9/9e/Busy_traffic%2C_Derry_-_Londonderry_-_geograph.org.uk_-_3602526.jpg?utm_source=commons.wikimedia.org&utm_campaign=imageinfo&utm_content=thumbnail_unscaled,CC BY-SA 2.0,Kenneth  Allen,640,480,Vans
non_emergency_0055.png,non_emergency,File:Jiri Lev Aleksandra Lev Architects Assist Tour 2020.png,https://commons.wikimedia.org/wiki/File:Jiri_Lev_Aleksandra_Lev_Architects_Assist_Tour_2020.png,https://upload.wikimedia.org/wikipedia/commons/thumb/8/8f/Jiri_Lev_Aleksandra_Lev_Architects_Assist_Tour_2020.png/960px-Jiri_Lev_Aleksandra_Lev_Architects_Assist_Tour_2020.png?utm_source=commons.wikimedia.org&utm_campaign=imageinfo&utm_content=thumbnail,CC BY-SA 4.0,ArchitectsAssist,960,720,Vans
non_emergency_0056.jpg,non_emergency,File:L'artista van - 01.jpg,https://commons.wikimedia.org/wiki/File:L%27artista_van_-_01.jpg,https://upload.wikimedia.org/wikipedia/commons/thumb/2/2b/L%27artista_van_-_01.jpg/960px-L%27artista_van_-_01.jpg?utm_source=commons.wikimedia.org&utm_campaign=imageinfo&utm_content=thumbnail,CC BY-SA 4.0,Oleg Yunakov,960,720,Vans
non_emergency_0057.jpg,non_emergency,File:L'artista van - 02.jpg,https://commons.wikimedia.org/wiki/File:L%27artista_van_-_02.jpg,https://upload.wikimedia.org/wikipedia/commons/thumb/2/27/L%27artista_van_-_02.jpg/960px-L%27artista_van_-_02.jpg?utm_source=commons.wikimedia.org&utm_campaign=imageinfo&utm_content=thumbnail,CC BY-SA 4.0,Oleg Yunakov,960,1065,Vans
non_emergency_0058.jpg,non_emergency,File:L'artista van - 03.jpg,https://commons.wikimedia.org/wiki/File:L%27artista_van_-_03.jpg,https://upload.wikimedia.org/wikipedia/commons/thumb/0/0d/L%27artista_van_-_03.jpg/960px-L%27artista_van_-_03.jpg?utm_source=commons.wikimedia.org&utm_campaign=imageinfo&utm_content=thumbnail,CC BY-SA 4.0,Oleg Yunakov,960,720,Vans
non_emergency_0059.jpg,non_emergency,File:LSurVterranova.jpg,https://commons.wikimedia.org/wiki/File:LSurVterranova.jpg,https://upload.wikimedia.org/wikipedia/commons/thumb/6/60/LSurVterranova.jpg/960px-LSurVterranova.jpg?utm_source=commons.wikimedia.org&utm_campaign=imageinfo&utm_content=thumbnail,CC BY-SA 4.0,ChavaZam,960,1167,Vans
non_emergency_0060.jpg,non_emergency,File:Mapillary (9qMH1q cu8Tkh5Q2xB0Hrg) (wille) 2016-04-28 15H58M11S680.jpg,https://commons.wikimedia.org/wiki/File:Mapillary_(9qMH1q_cu8Tkh5Q2xB0Hrg)_(wille)_2016-04-28_15H58M11S680.jpg,https://upload.wikimedia.org/wikipedia/commons/thumb/8/8b/Mapillary_%289qMH1q_cu8Tkh5Q2xB0Hrg%29_%28wille%29_2016-04-28_15H58M11S680.jpg/960px-Mapillary_%289qMH1q_cu8Tkh5Q2xB0Hrg%29_%28wille%29_2016-04-28_15H58M11S680.jpg?utm_source=commons.wikimedia.org&utm_campaign=imageinfo&utm_content=thumbnail,CC BY-SA 4.0,wille,960,720,Vans
non_emergency_0061.jpg,non_emergency,File:Pepto Bus - Flickr - Living in Monrovia.jpg,https://commons.wikimedia.org/wiki/File:Pepto_Bus_-_Flickr_-_Living_in_Monrovia.jpg,https://upload.wikimedia.org/wikipedia/commons/c/ca/Pepto_Bus_-_Flickr_-_Living_in_Monrovia.jpg?utm_source=commons.wikimedia.org&utm_campaign=imageinfo&utm_content=thumbnail_unscaled,CC BY-SA 2.0,Living in Monrovia,640,456,Vans
non_emergency_0062.jpg,non_emergency,"File:SRI van, pt. 4 (2253705977).jpg","https://commons.wikimedia.org/wiki/File:SRI_van,_pt._4_(2253705977).jpg",https://upload.wikimedia.org/wikipedia/commons/thumb/c/c3/SRI_van%2C_pt._4_%282253705977%29.jpg/960px-SRI_van%2C_pt._4_%282253705977%29.jpg?utm_source=commons.wikimedia.org&utm_campaign=imageinfo&utm_content=thumbnail,CC BY 2.0,"Marcin Wichary from San Francisco, Calif.",960,639,Vans
non_emergency_0063.jpg,non_emergency,"File:SRI van, pt. 5 (2254505114).jpg","https://commons.wikimedia.org/wiki/File:SRI_van,_pt._5_(2254505114).jpg",https://upload.wikimedia.org/wikipedia/commons/thumb/9/96/SRI_van%2C_pt._5_%282254505114%29.jpg/960px-SRI_van%2C_pt._5_%282254505114%29.jpg?utm_source=commons.wikimedia.org&utm_campaign=imageinfo&utm_content=thumbnail,CC BY 2.0,"Marcin Wichary from San Francisco, Calif.",960,639,Vans
non_emergency_0064.jpg,non_emergency,"File:SRI van, pt. 6 (2254506704).jpg","https://commons.wikimedia.org/wiki/File:SRI_van,_pt._6_(2254506704).jpg",https://upload.wikimedia.org/wikipedia/commons/thumb/d/d7/SRI_van%2C_pt._6_%282254506704%29.jpg/960px-SRI_van%2C_pt._6_%282254506704%29.jpg?utm_source=commons.wikimedia.org&utm_campaign=imageinfo&utm_content=thumbnail,CC BY 2.0,"Marcin Wichary from San Francisco, Calif.",960,1442,Vans
non_emergency_0065.jpg,non_emergency,File:Российско-китайские переговоры (2).jpg,https://commons.wikimedia.org/wiki/File:%D0%A0%D0%BE%D1%81%D1%81%D0%B8%D0%B9%D1%81%D0%BA%D0%BE-%D0%BA%D0%B8%D1%82%D0%B0%D0%B9%D1%81%D0%BA%D0%B8%D0%B5_%D0%BF%D0%B5%D1%80%D0%B5%D0%B3%D0%BE%D0%B2%D0%BE%D1%80%D1%8B_(2).jpg,https://upload.wikimedia.org/wikipedia/commons/thumb/3/37/%D0%A0%D0%BE%D1%81%D1%81%D0%B8%D0%B9%D1%81%D0%BA%D0%BE-%D0%BA%D0%B8%D1%82%D0%B0%D0%B9%D1%81%D0%BA%D0%B8%D0%B5_%D0%BF%D0%B5%D1%80%D0%B5%D0%B3%D0%BE%D0%B2%D0%BE%D1%80%D1%8B_%282%29.jpg/960px-%D0%A0%D0%BE%D1%81%D1%81%D0%B8%D0%B9%D1%81%D0%BA%D0%BE-%D0%BA%D0%B8%D1%82%D0%B0%D0%B9%D1%81%D0%BA%D0%B8%D0%B5_%D0%BF%D0%B5%D1%80%D0%B5%D0%B3%D0%BE%D0%B2%D0%BE%D1%80%D1%8B_%282%29.jpg?utm_source=commons.wikimedia.org&utm_campaign=imageinfo&utm_content=thumbnail,CC BY 4.0,Kremlin.ru,960,592,Vans
non_emergency_0066.jpg,non_emergency,File:'28 Durant (Cruisin' At The Boardwalk '10).jpg,https://commons.wikimedia.org/wiki/File:%2728_Durant_(Cruisin%27_At_The_Boardwalk_%2710).jpg,https://upload.wikimedia.org/wikipedia/commons/thumb/5/59/%2728_Durant_%28Cruisin%27_At_The_Boardwalk_%2710%29.jpg/960px-%2728_Durant_%28Cruisin%27_At_The_Boardwalk_%2710%29.jpg?utm_source=commons.wikimedia.org&utm_campaign=imageinfo&utm_content=thumbnail,Public domain,Bull-Doser,960,658,Sedans
non_emergency_0067.jpg,non_emergency,File:1952 Willys Aero Ace 1.jpg,https://commons.wikimedia.org/wiki/File:1952_Willys_Aero_Ace_1.jpg,https://upload.wikimedia.org/wikipedia/commons/thumb/f/fe/1952_Willys_Aero_Ace_1.jpg/960px-1952_Willys_Aero_Ace_1.jpg?utm_source=commons.wikimedia.org&utm_campaign=imageinfo&utm_content=thumbnail,CC BY 2.5,Jlantzy (Jamie Lantzy),960,720,Sedans
non_emergency_0068.jpg,non_emergency,File:1952 Willys Aero Ace 2.JPG,https://commons.wikimedia.org/wiki/File:1952_Willys_Aero_Ace_2.JPG,https://upload.wikimedia.org/wikipedia/commons/thumb/e/e1/1952_Willys_Aero_Ace_2.JPG/960px-1952_Willys_Aero_Ace_2.JPG?utm_source=commons.wikimedia.org&utm_campaign=imageinfo&utm_content=thumbnail,CC BY 2.5,Jlantzy (Jamie Lantzy),960,720,Sedans
non_emergency_0069.jpg,non_emergency,File:1991 Rolls Royce silver-black custom job-f.jpg,https://commons.wikimedia.org/wiki/File:1991_Rolls_Royce_silver-black_custom_job-f.jpg,https://upload.wikimedia.org/wikipedia/commons/thumb/8/84/1991_Rolls_Royce_silver-black_custom_job-f.jpg/960px-1991_Rolls_Royce_silver-black_custom_job-f.jpg?utm_source=commons.wikimedia.org&utm_campaign=imageinfo&utm_content=thumbnail,CC BY-SA 4.0,"CZmarlin  — Christopher Ziemnowicz, releases all rights but a photo credit would be appreciated if this image is used anywhere other than Wikipedia. Please leave a note at Wikipedia here. Thank you!",960,717,Sedans
non_emergency_0070.jpg,non_emergency,File:1991 Rolls Royce silver-black custom job-r.jpg,https://commons.wikimedia.org/wiki/File:1991_Rolls_Royce_silver-black_custom_job-r.jpg,https://upload.wikimedia.org/wikipedia/commons/thumb/8/85/1991_Rolls_Royce_silver-black_custom_job-r.jpg/960px-1991_Rolls_Royce_silver-black_custom_job-r.jpg?utm_source=commons.wikimedia.org&utm_campaign=imageinfo&utm_content=thumbnail,CC BY-SA 4.0,"CZmarlin  — Christopher Ziemnowicz, releases all rights but a photo credit would be appreciated if this image is used anywhere other than Wikipedia. Please leave a note at Wikipedia here. Thank you!",960,717,Sedans
non_emergency_0071.jpg,non_emergency,File:2nd Gen Caprice & 7th Gen Impala One Luv Car Club Members.jpg,https://commons.wikimedia.org/wiki/File:2nd_Gen_Caprice_%26_7th_Gen_Impala_One_Luv_Car_Club_Members.jpg,https://upload.wikimedia.org/wikipedia/commons/thumb/6/62/2nd_Gen_Caprice_%26_7th_Gen_Impala_One_Luv_Car_Club_Members.jpg/960px-2nd_Gen_Caprice_%26_7th_Gen_Impala_One_Luv_Car_Club_Members.jpg?utm_source=commons.wikimedia.org&utm_campaign=imageinfo&utm_content=thumbnail,CC BY-SA 4.0,Noah Wulf,960,720,Sedans
non_emergency_0072.jpg,non_emergency,File:Mercedes-Benz W124 Custom (15898458032).jpg,https://commons.wikimedia.org/wiki/File:Mercedes-Benz_W124_Custom_(15898458032).jpg,https://upload.wikimedia.org/wikipedia/commons/thumb/3/39/Mercedes-Benz_W124_Custom_%2815898458032%29.jpg/960px-Mercedes-Benz_W124_Custom_%2815898458032%29.jpg?utm_source=commons.wikimedia.org&utm_campaign=imageinfo&utm_content=thumbnail,CC BY 2.0,nakhon100,960,720,Sedans
non_emergency_0073.jpg,non_emergency,File:Mercedes-Benz W124 Custom (15898458232).jpg,https://commons.wikimedia.org/wiki/File:Mercedes-Benz_W124_Custom_(15898458232).jpg,https://upload.wikimedia.org/wikipedia/commons/thumb/b/b3/Mercedes-Benz_W124_Custom_%2815898458232%29.jpg/960px-Mercedes-Benz_W124_Custom_%2815898458232%29.jpg?utm_source=commons.wikimedia.org&utm_campaign=imageinfo&utm_content=thumbnail,CC BY 2.0,nakhon100,960,720,Sedans
non_emergency_0074.jpg,non_emergency,File:Mercedes-Benz W124 Custom (15898458382).jpg,https://commons.wikimedia.org/wiki/File:Mercedes-Benz_W124_Custom_(15898458382).jpg,https://upload.wikimedia.org/wikipedia/commons/thumb/2/25/Mercedes-Benz_W124_Custom_%2815898458382%29.jpg/960px-Mercedes-Benz_W124_Custom_%2815898458382%29.jpg?utm_source=commons.wikimedia.org&utm_campaign=imageinfo&utm_content=thumbnail,CC BY 2.0,nakhon100,960,720,Sedans
non_emergency_0075.jpg,non_emergency,"File:Nationale oldtimerdag Zandvoort 2010, 1964 CHRYSLER NEWPORT, AM-73-88 pic3.JPG","https://commons.wikimedia.org/wiki/File:Nationale_oldtimerdag_Zandvoort_2010,_1964_CHRYSLER_NEWPORT,_AM-73-88_pic3.JPG",https://upload.wikimedia.org/wikipedia/commons/thumb/9/98/Nationale_oldtimerdag_Zandvoort_2010%2C_1964_CHRYSLER_NEWPORT%2C_AM-73-88_pic3.JPG/960px-Nationale_oldtimerdag_Zandvoort_2010%2C_1964_CHRYSLER_NEWPORT%2C_AM-73-88_pic3.JPG?utm_source=commons.wikimedia.org&utm_campaign=imageinfo&utm_content=thumbnail,CC0,Alf van Beem,960,720,Sedans
non_emergency_0076.jpg,non_emergency,File:Silver BMW 3 Series E30 on W Lone Mountain Rd.jpg,https://commons.wikimedia.org/wiki/File:Silver_BMW_3_Series_E30_on_W_Lone_Mountain_Rd.jpg,https://upload.wikimedia.org/wikipedia/commons/thumb/9/90/Silver_BMW_3_Series_E30_on_W_Lone_Mountain_Rd.jpg/960px-Silver_BMW_3_Series_E30_on_W_Lone_Mountain_Rd.jpg?utm_source=commons.wikimedia.org&utm_campaign=imageinfo&utm_content=thumbnail,CC BY-SA 3.0,Noah Wulf,960,640,Sedans
non_emergency_0077.jpg,non_emergency,File:Tuned '96-'98 Volkswagen Jetta (Byward Auto Classic).jpg,https://commons.wikimedia.org/wiki/File:Tuned_%2796-%2798_Volkswagen_Jetta_(Byward_Auto_Classic).jpg,https://upload.wikimedia.org/wikipedia/commons/thumb/b/bd/Tuned_%2796-%2798_Volkswagen_Jetta_%28Byward_Auto_Classic%29.jpg/960px-Tuned_%2796-%2798_Volkswagen_Jetta_%28Byward_Auto_Classic%29.jpg?utm_source=commons.wikimedia.org&utm_campaign=imageinfo&utm_content=thumbnail,Public domain,Bull-Doser,960,535,Sedans
non_emergency_0078.jpg,non_emergency,File:Tuned '96-'98 Volkswagen Jetta (Orange Julep).jpg,https://commons.wikimedia.org/wiki/File:Tuned_%2796-%2798_Volkswagen_Jetta_(Orange_Julep).jpg,https://upload.wikimedia.org/wikipedia/commons/thumb/2/2c/Tuned_%2796-%2798_Volkswagen_Jetta_%28Orange_Julep%29.jpg/960px-Tuned_%2796-%2798_Volkswagen_Jetta_%28Orange_Julep%29.jpg?utm_source=commons.wikimedia.org&utm_campaign=imageinfo&utm_content=thumbnail,Public domain,Bull-Doser,960,598,Sedans
non_emergency_0079.jpg,non_emergency,File:Tuned '99-'03 Volkswagen Jetta Sedan (Gibeau Orange Julep).jpg,https://commons.wikimedia.org/wiki/File:Tuned_%2799-%2703_Volkswagen_Jetta_Sedan_(Gibeau_Orange_Julep).jpg,https://upload.wikimedia.org/wikipedia/commons/thumb/3/39/Tuned_%2799-%2703_Volkswagen_Jetta_Sedan_%28Gibeau_Orange_Julep%29.jpg/960px-Tuned_%2799-%2703_Volkswagen_Jetta_Sedan_%28Gibeau_Orange_Julep%29.jpg?utm_source=commons.wikimedia.org&utm_campaign=imageinfo&utm_content=thumbnail,Public domain,Bull-Doser,960,492,Sedans
non_emergency_0080.jpg,non_emergency,File:Tuned Chrysler 300.jpg,https://commons.wikimedia.org/wiki/File:Tuned_Chrysler_300.jpg,https://upload.wikimedia.org/wikipedia/commons/thumb/4/41/Tuned_Chrysler_300.jpg/960px-Tuned_Chrysler_300.jpg?utm_source=commons.wikimedia.org&utm_campaign=imageinfo&utm_content=thumbnail,Public domain,Bull-Doser,960,594,Sedans
non_emergency_0081.jpg,non_emergency,File:Tuned Chrysler 300C.jpg,https://commons.wikimedia.org/wiki/File:Tuned_Chrysler_300C.jpg,https://upload.wikimedia.org/wikipedia/commons/thumb/b/b2/Tuned_Chrysler_300C.jpg/960px-Tuned_Chrysler_300C.jpg?utm_source=commons.wikimedia.org&utm_campaign=imageinfo&utm_content=thumbnail,CC BY-SA 3.0,Stefan-Xp,960,355,Sedans
non_emergency_0082.jpg,non_emergency,File:Tuned Chrysler 300 ('10 Centropolis Laval).jpg,https://commons.wikimedia.org/wiki/File:Tuned_Chrysler_300_(%2710_Centropolis_Laval).jpg,https://upload.wikimedia.org/wikipedia/commons/thumb/e/e4/Tuned_Chrysler_300_%28%2710_Centropolis_Laval%29.jpg/960px-Tuned_Chrysler_300_%28%2710_Centropolis_Laval%29.jpg?utm_source=commons.wikimedia.org&utm_campaign=imageinfo&utm_content=thumbnail,Public domain,Bull-Doser,960,621,Sedans
non_emergency_0083.jpg,non_emergency,File:Tuned Chrysler 300 (Byward Auto Classic).jpg,https://commons.wikimedia.org/wiki/File:Tuned_Chrysler_300_(Byward_Auto_Classic).jpg,https://upload.wikimedia.org/wikipedia/commons/thumb/2/24/Tuned_Chrysler_300_%28Byward_Auto_Classic%29.jpg/960px-Tuned_Chrysler_300_%28Byward_Auto_Classic%29.jpg?utm_source=commons.wikimedia.org&utm_campaign=imageinfo&utm_content=thumbnail,Public domain,Bull-Doser,960,671,Sedans
non_emergency_0084.jpg,non_emergency,File:Tuned Chrysler 300 (Byward Market Auto Classic).jpg,https://commons.wikimedia.org/wiki/File:Tuned_Chrysler_300_(Byward_Market_Auto_Classic).jpg,https://upload.wikimedia.org/wikipedia/commons/thumb/4/43/Tuned_Chrysler_300_%28Byward_Market_Auto_Classic%29.jpg/960px-Tuned_Chrysler_300_%28Byward_Market_Auto_Classic%29.jpg?utm_source=commons.wikimedia.org&utm_campaign=imageinfo&utm_content=thumbnail,Public domain,Bull-Doser,960,572,Sedans
non_emergency_0085.jpg,non_emergency,File:Tuned Chrysler 300 (Centropolis Laval '10).jpg,https://commons.wikimedia.org/wiki/File:Tuned_Chrysler_300_(Centropolis_Laval_%2710).jpg,https://upload.wikimedia.org/wikipedia/commons/thumb/2/22/Tuned_Chrysler_300_%28Centropolis_Laval_%2710%29.jpg/960px-Tuned_Chrysler_300_%28Centropolis_Laval_%2710%29.jpg?utm_source=commons.wikimedia.org&utm_campaign=imageinfo&utm_content=thumbnail,Public domain,Bull-Doser,960,604,Sedans
non_emergency_0086.jpg,non_emergency,File:Tuned Chrysler 300 (MIAS `11).jpg,https://commons.wikimedia.org/wiki/File:Tuned_Chrysler_300_(MIAS_%6011).jpg,https://upload.wikimedia.org/wikipedia/commons/thumb/4/48/Tuned_Chrysler_300_%28MIAS_%6011%29.jpg/960px-Tuned_Chrysler_300_%28MIAS_%6011%29.jpg?utm_source=commons.wikimedia.org&utm_campaign=imageinfo&utm_content=thumbnail,Public domain,Bull-Doser,960,751,Sedans
non_emergency_0087.jpg,non_emergency,File:Tuned Chrysler 300 (Orange Julep).JPG,https://commons.wikimedia.org/wiki/File:Tuned_Chrysler_300_(Orange_Julep).JPG,https://upload.wikimedia.org/wikipedia/commons/thumb/4/45/Tuned_Chrysler_300_%28Orange_Julep%29.JPG/960px-Tuned_Chrysler_300_%28Orange_Julep%29.JPG?utm_source=commons.wikimedia.org&utm_campaign=imageinfo&utm_content=thumbnail,Public domain,Bull-Doser,960,642,Sedans
non_emergency_0088.jpg,non_emergency,File:Tuned Chrysler 300 (Orange Julep).jpg,https://commons.wikimedia.org/wiki/File:Tuned_Chrysler_300_(Orange_Julep).jpg,https://upload.wikimedia.org/wikipedia/commons/thumb/a/aa/Tuned_Chrysler_300_%28Orange_Julep%29.jpg/960px-Tuned_Chrysler_300_%28Orange_Julep%29.jpg?utm_source=commons.wikimedia.org&utm_campaign=imageinfo&utm_content=thumbnail,Public domain,Bull-Doser,960,629,Sedans
non_emergency_0089.jpg,non_emergency,File:Tuned Chrysler 300 (Orange Julep '10).jpg,https://commons.wikimedia.org/wiki/File:Tuned_Chrysler_300_(Orange_Julep_%2710).jpg,https://upload.wikimedia.org/wikipedia/commons/thumb/a/ae/Tuned_Chrysler_300_%28Orange_Julep_%2710%29.jpg/960px-Tuned_Chrysler_300_%28Orange_Julep_%2710%29.jpg?utm_source=commons.wikimedia.org&utm_campaign=imageinfo&utm_content=thumbnail,Public domain,Bull-Doser,960,562,Sedans
non_emergency_0090.jpg,non_emergency,File:Tuned Chrysler 300 SRT-8.jpg,https://commons.wikimedia.org/wiki/File:Tuned_Chrysler_300_SRT-8.jpg,https://upload.wikimedia.org/wikipedia/commons/thumb/3/33/Tuned_Chrysler_300_SRT-8.jpg/960px-Tuned_Chrysler_300_SRT-8.jpg?utm_source=commons.wikimedia.org&utm_campaign=imageinfo&utm_content=thumbnail,Public domain,Bull-Doser,960,574,Sedans
non_emergency_0091.jpg,non_emergency,File:Tuned Volkswagen Gol Sedan Mk7 in El Pinar in 2024.jpg,https://commons.wikimedia.org/wiki/File:Tuned_Volkswagen_Gol_Sedan_Mk7_in_El_Pinar_in_2024.jpg,https://upload.wikimedia.org/wikipedia/commons/thumb/2/24/Tuned_Volkswagen_Gol_Sedan_Mk7_in_El_Pinar_in_2024.jpg/960px-Tuned_Volkswagen_Gol_Sedan_Mk7_in_El_Pinar_in_2024.jpg?utm_source=commons.wikimedia.org&utm_campaign=imageinfo&utm_content=thumbnail,CC BY-SA 4.0,NaBUru38,960,640,Sedans
non_emergency_0092.jpg,non_emergency,File:1962RamblerClassic.jpg,https://commons.wikimedia.org/wiki/File:1962RamblerClassic.jpg,https://upload.wikimedia.org/wikipedia/commons/thumb/7/75/1962RamblerClassic.jpg/960px-1962RamblerClassic.jpg?utm_source=commons.wikimedia.org&utm_campaign=imageinfo&utm_content=thumbnail,CC BY-SA 2.0,dave_7,960,443,Sedans
non_emergency_0093.jpg,non_emergency,File:1964 AMC Rambler American (29403532751).jpg,https://commons.wikimedia.org/wiki/File:1964_AMC_Rambler_American_(29403532751).jpg,https://upload.wikimedia.org/wikipedia/commons/thumb/0/09/1964_AMC_Rambler_American_%2829403532751%29.jpg/960px-1964_AMC_Rambler_American_%2829403532751%29.jpg?utm_source=commons.wikimedia.org&utm_campaign=imageinfo&utm_content=thumbnail,CC BY 2.0,"Greg Gjerdingen from Willmar, USA",960,640,Sedans
non_emergency_0094.jpg,non_emergency,File:1970 AMC Hornet 2-door base model 2014-AMO-NC-f.jpg,https://commons.wikimedia.org/wiki/File:1970_AMC_Hornet_2-door_base_model_2014-AMO-NC-f.jpg,https://upload.wikimedia.org/wikipedia/commons/thumb/3/38/1970_AMC_Hornet_2-door_base_model_2014-AMO-NC-f.jpg/960px-1970_AMC_Hornet_2-door_base_model_2014-AMO-NC-f.jpg?utm_source=commons.wikimedia.org&utm_campaign=imageinfo&utm_content=thumbnail,CC0,"CZmarlin  — Christopher Ziemnowicz, releases all rights but a photo credit would be appreciated if this image is used anywhere other than Wikipedia. Please leave a note at Wikipedia here. Thank you!",960,717,Sedans
non_emergency_0095.jpg,non_emergency,File:1970 Datsun Bluebird 1600 coupe (6108273589).jpg,https://commons.wikimedia.org/wiki/File:1970_Datsun_Bluebird_1600_coupe_(6108273589).jpg,https://upload.wikimedia.org/wikipedia/commons/thumb/6/67/1970_Datsun_Bluebird_1600_coupe_%286108273589%29.jpg/960px-1970_Datsun_Bluebird_1600_coupe_%286108273589%29.jpg?utm_source=commons.wikimedia.org&utm_campaign=imageinfo&utm_content=thumbnail,CC BY 2.0,sv1ambo,960,640,Sedans
non_emergency_0096.jpg,non_emergency,File:1970 Datsun Bluebird 1600 coupe (6108283165).jpg,https://commons.wikimedia.org/wiki/File:1970_Datsun_Bluebird_1600_coupe_(6108283165).jpg,https://upload.wikimedia.org/wikipedia/commons/thumb/2/28/1970_Datsun_Bluebird_1600_coupe_%286108283165%29.jpg/960px-1970_Datsun_Bluebird_1600_coupe_%286108283165%29.jpg?utm_source=commons.wikimedia.org&utm_campaign=imageinfo&utm_content=thumbnail,CC BY 2.0,sv1ambo,960,640,Sedans
non_emergency_0097.jpg,non_emergency,File:1971 AMC Hornet 2-door sedan blue r.jpg,https://commons.wikimedia.org/wiki/File:1971_AMC_Hornet_2-door_sedan_blue_r.jpg,https://upload.wikimedia.org/wikipedia/commons/thumb/9/9e/1971_AMC_Hornet_2-door_sedan_blue_r.jpg/960px-1971_AMC_Hornet_2-door_sedan_blue_r.jpg?utm_source=commons.wikimedia.org&utm_campaign=imageinfo&utm_content=thumbnail,Public domain,"CZmarlin  — Christopher Ziemnowicz, releases all rights but a photo credit would be nice if this image is used anywhere other than Wikipedia.",960,600,Sedans
non_emergency_0098.jpg,non_emergency,File:2021 Mazda3 2.5 Turbo.jpg,https://commons.wikimedia.org/wiki/File:2021_Mazda3_2.5_Turbo.jpg,https://upload.wikimedia.org/wikipedia/commons/thumb/2/2f/2021_Mazda3_2.5_Turbo.jpg/960px-2021_Mazda3_2.5_Turbo.jpg?utm_source=commons.wikimedia.org&utm_campaign=imageinfo&utm_content=thumbnail,CC BY-SA 4.0,DestinationFearFan,960,707,Sedans
non_emergency_0099.jpg,non_emergency,"File:2021 Mazda3 GT Turbo AWD, Front Right, 07-01-2021.jpg","https://commons.wikimedia.org/wiki/File:2021_Mazda3_GT_Turbo_AWD,_Front_Right,_07-01-2021.jpg",https://upload.wikimedia.org/wikipedia/commons/thumb/e/eb/2021_Mazda3_GT_Turbo_AWD%2C_Front_Right%2C_07-01-2021.jpg/960px-2021_Mazda3_GT_Turbo_AWD%2C_Front_Right%2C_07-01-2021.jpg?utm_source=commons.wikimedia.org&utm_campaign=imageinfo&utm_content=thumbnail,CC BY-SA 4.0,SsmIntrigue,960,485,Sedans
non_emergency_0100.jpg,non_emergency,File:Brabus 900 Rocket IMG 0536.jpg,https://commons.wikimedia.org/wiki/File:Brabus_900_Rocket_IMG_0536.jpg,https://upload.wikimedia.org/wikipedia/commons/thumb/9/9c/Brabus_900_Rocket_IMG_0536.jpg/960px-Brabus_900_Rocket_IMG_0536.jpg?utm_source=commons.wikimedia.org&utm_campaign=imageinfo&utm_content=thumbnail,CC BY-SA 4.0,Alexander Migl,960,566,Sedans
non_emergency_0101.jpg,non_emergency,File:Presidential-police-motorcycle-and-ca.jpg,https://commons.wikimedia.org/wiki/File:Presidential-police-motorcycle-and-ca.jpg,https://upload.wikimedia.org/wikipedia/commons/thumb/d/de/Presidential-police-motorcycle-and-ca.jpg/960px-Presidential-police-motorcycle-and-ca.jpg?utm_source=commons.wikimedia.org&utm_campaign=imageinfo&utm_content=thumbnail,CC0,Linnaea Mallette,960,720,Sedans
non_emergency_0102.jpg,non_emergency,File:Škoda Octavia II RS.jpg,https://commons.wikimedia.org/wiki/File:%C5%A0koda_Octavia_II_RS.jpg,https://upload.wikimedia.org/wikipedia/commons/thumb/9/99/%C5%A0koda_Octavia_II_RS.jpg/960px-%C5%A0koda_Octavia_II_RS.jpg?utm_source=commons.wikimedia.org&utm_campaign=imageinfo&utm_content=thumbnail,CC BY-SA 3.0,Midnight Runner,960,720,Sedans
non_emergency_0103.jpg,non_emergency,File:Škoda Octavia II RS (2).jpg,https://commons.wikimedia.org/wiki/File:%C5%A0koda_Octavia_II_RS_(2).jpg,https://upload.wikimedia.org/wikipedia/commons/thumb/3/35/%C5%A0koda_Octavia_II_RS_%282%29.jpg/960px-%C5%A0koda_Octavia_II_RS_%282%29.jpg?utm_source=commons.wikimedia.org&utm_campaign=imageinfo&utm_content=thumbnail,CC BY-SA 3.0,Midnight Runner,960,720,Sedans
non_emergency_0104.jpg,non_emergency,File:Самодельный кенгурятник в Украине.jpg,https://commons.wikimedia.org/wiki/File:%D0%A1%D0%B0%D0%BC%D0%BE%D0%B4%D0%B5%D0%BB%D1%8C%D0%BD%D1%8B%D0%B9_%D0%BA%D0%B5%D0%BD%D0%B3%D1%83%D1%80%D1%8F%D1%82%D0%BD%D0%B8%D0%BA_%D0%B2_%D0%A3%D0%BA%D1%80%D0%B0%D0%B8%D0%BD%D0%B5.jpg,https://upload.wikimedia.org/wikipedia/commons/9/9a/%D0%A1%D0%B0%D0%BC%D0%BE%D0%B4%D0%B5%D0%BB%D1%8C%D0%BD%D1%8B%D0%B9_%D0%BA%D0%B5%D0%BD%D0%B3%D1%83%D1%80%D1%8F%D1%82%D0%BD%D0%B8%D0%BA_%D0%B2_%D0%A3%D0%BA%D1%80%D0%B0%D0%B8%D0%BD%D0%B5.jpg?utm_source=commons.wikimedia.org&utm_campaign=imageinfo&utm_content=thumbnail_unscaled,CC BY-SA 4.0,Baxymba,960,720,Sedans
non_emergency_0105.jpg,non_emergency,File:139new.jpg,https://commons.wikimedia.org/wiki/File:139new.jpg,https://upload.wikimedia.org/wikipedia/commons/4/43/139new.jpg?utm_source=commons.wikimedia.org&utm_campaign=imageinfo&utm_content=thumbnail_unscaled,Public domain,Rtruo85,500,375,SUVs
non_emergency_0106.jpg,non_emergency,File:701a-014 - Chevy Tahoe Ambulance-Medic.jpg,https://commons.wikimedia.org/wiki/File:701a-014_-_Chevy_Tahoe_Ambulance-Medic.jpg,https://upload.wikimedia.org/wikipedia/commons/thumb/7/71/701a-014_-_Chevy_Tahoe_Ambulance-Medic.jpg/960px-701a-014_-_Chevy_Tahoe_Ambulance-Medic.jpg?utm_source=commons.wikimedia.org&utm_campaign=imageinfo&utm_content=thumbnail,CC BY 3.0,en:User:VigilancePrime,960,720,SUVs
non_emergency_0107.jpg,non_emergency,File:ASNSW-Operations Commander.jpg,https://commons.wikimedia.org/wiki/File:ASNSW-Operations_Commander.jpg,https://upload.wikimedia.org/wikipedia/commons/thumb/f/fb/ASNSW-Operations_Commander.jpg/960px-ASNSW-Operations_Commander.jpg?utm_source=commons.wikimedia.org&utm_campaign=imageinfo&utm_content=thumbnail,CC BY 3.0,Bidgee,960,701,SUVs
non_emergency_0108.jpg,non_emergency,File:Ambulance Jeep Cherokee.jpg,https://commons.wikimedia.org/wiki/File:Ambulance_Jeep_Cherokee.jpg,https://upload.wikimedia.org/wikipedia/commons/thumb/9/9e/Ambulance_Jeep_Cherokee.jpg/960px-Ambulance_Jeep_Cherokee.jpg?utm_source=commons.wikimedia.org&utm_campaign=imageinfo&utm_content=thumbnail,CC BY 4.0,Michal Maňas,960,720,SUVs
non_emergency_0109.jpg,non_emergency,File:Ambulance Volkswagen T5.jpg,https://commons.wikimedia.org/wiki/File:Ambulance_Volkswagen_T5.jpg,https://upload.wikimedia.org/wikipedia/commons/thumb/a/ae/Ambulance_Volkswagen_T5.jpg/960px-Ambulance_Volkswagen_T5.jpg?utm_source=commons.wikimedia.org&utm_campaign=imageinfo&utm_content=thumbnail,CC BY 4.0,Michal Maňas,960,720,SUVs
non_emergency_0110.jpg,non_emergency,File:Bammental - Ford Deutsches Rotes Kreuz Notarzt HD RN 37.JPG,https://commons.wikimedia.org/wiki/File:Bammental_-_Ford_Deutsches_Rotes_Kreuz_Notarzt_HD_RN_37.JPG,https://upload.wikimedia.org/wikipedia/commons/thumb/b/b8/Bammental_-_Ford_Deutsches_Rotes_Kreuz_Notarzt_HD_RN_37.JPG/960px-Bammental_-_Ford_Deutsches_Rotes_Kreuz_Notarzt_HD_RN_37.JPG?utm_source=commons.wikimedia.org&utm_campaign=imageinfo&utm_content=thumbnail,CC BY-SA 4.0,Photographs by Radosław Drożdżewski (User:Zwiadowca21),960,638,SUVs
non_emergency_0111.jpg,non_emergency,File:Darien EMS-Post 53.JPG,https://commons.wikimedia.org/wiki/File:Darien_EMS-Post_53.JPG,https://upload.wikimedia.org/wikipedia/commons/thumb/7/77/Darien_EMS-Post_53.JPG/960px-Darien_EMS-Post_53.JPG?utm_source=commons.wikimedia.org&utm_campaign=imageinfo&utm_content=thumbnail,Public domain,Noroton at English Wikipedia,960,720,SUVs
non_emergency_0112.jpg,non_emergency,File:Eru tahoe 2003.jpg,https://commons.wikimedia.org/wiki/File:Eru_tahoe_2003.jpg,https://upload.wikimedia.org/wikipedia/commons/0/01/Eru_tahoe_2003.jpg?utm_source=commons.wikimedia.org&utm_campaign=imageinfo&utm_content=thumbnail_unscaled,Public domain,Jaydawg at en.wikipedia,400,267,SUVs
non_emergency_0113.jpg,non_emergency,File:GMC Suburban -- 07-11-2012.JPG,https://commons.wikimedia.org/wiki/File:GMC_Suburban_--_07-11-2012.JPG,https://upload.wikimedia.org/wikipedia/commons/thumb/c/c2/GMC_Suburban_--_07-11-2012.JPG/960px-GMC_Suburban_--_07-11-2012.JPG?utm_source=commons.wikimedia.org&utm_campaign=imageinfo&utm_content=thumbnail,Public domain,IFCAR,960,558,SUVs
non_emergency_0114.jpg,non_emergency,File:Kia-Sportage-2door.jpg,https://commons.wikimedia.org/wiki/File:Kia-Sportage-2door.jpg,https://upload.wikimedia.org/wikipedia/commons/thumb/f/f2/Kia-Sportage-2door.jpg/960px-Kia-Sportage-2door.jpg?utm_source=commons.wikimedia.org&utm_campaign=imageinfo&utm_content=thumbnail,Public domain,IFCAR,960,607,SUVs
non_emergency_0115.jpg,non_emergency,File:LMEMS flycar.JPG,https://commons.wikimedia.org/wiki/File:LMEMS_flycar.JPG,https://upload.wikimedia.org/wikipedia/commons/thumb/f/f3/LMEMS_flycar.JPG/960px-LMEMS_flycar.JPG?utm_source=commons.wikimedia.org&utm_campaign=imageinfo&utm_content=thumbnail,Public domain,Cbwetter at English Wikipedia,960,720,SUVs
non_emergency_0116.jpg,non_emergency,File:NEF in Graz.jpg,https://commons.wikimedia.org/wiki/File:NEF_in_Graz.jpg,https://upload.wikimedia.org/wikipedia/commons/thumb/6/6a/NEF_in_Graz.jpg/960px-NEF_in_Graz.jpg?utm_source=commons.wikimedia.org&utm_campaign=imageinfo&utm_content=thumbnail,CC BY-SA 2.0,ernstl,960,720,SUVs
non_emergency_0117.jpg,non_emergency,File:Notarzt BRK Klinikum Garmisch-Partenkirchen.jpg,https://commons.wikimedia.org/wiki/File:Notarzt_BRK_Klinikum_Garmisch-Partenkirchen.jpg,https://upload.wikimedia.org/wikipedia/commons/thumb/9/9f/Notarzt_BRK_Klinikum_Garmisch-Partenkirchen.jpg/960px-Notarzt_BRK_Klinikum_Garmisch-Partenkirchen.jpg?utm_source=commons.wikimedia.org&utm_campaign=imageinfo&utm_content=thumbnail,CC BY 2.0,Christian Allinger,960,720,SUVs
non_emergency_0118.jpg,non_emergency,File:Notarzt Jeep Grand Cherokee Allrad 2013.jpg,https://commons.wikimedia.org/wiki/File:Notarzt_Jeep_Grand_Cherokee_Allrad_2013.jpg,https://upload.wikimedia.org/wikipedia/commons/thumb/d/dd/Notarzt_Jeep_Grand_Cherokee_Allrad_2013.jpg/960px-Notarzt_Jeep_Grand_Cherokee_Allrad_2013.jpg?utm_source=commons.wikimedia.org&utm_campaign=imageinfo&utm_content=thumbnail,CC BY-SA 2.0,Klaus Nahr,960,720,SUVs
non_emergency_0119.jpg,non_emergency,File:PROAmbulance 4001.jpg,https://commons.wikimedia.org/wiki/File:PROAmbulance_4001.jpg,https://upload.wikimedia.org/wikipedia/commons/thumb/0/09/PROAmbulance_4001.jpg/960px-PROAmbulance_4001.jpg?utm_source=commons.wikimedia.org&utm_campaign=imageinfo&utm_content=thumbnail,CC BY-SA 3.0 us,Dori,960,639,SUVs
non_emergency_0120.jpg,non_emergency,File:RTW und NEF fahren ab im HBF Leipzig.jpg,https://commons.wikimedia.org/wiki/File:RTW_und_NEF_fahren_ab_im_HBF_Leipzig.jpg,https://upload.wikimedia.org/wikipedia/commons/thumb/d/d9/RTW_und_NEF_fahren_ab_im_HBF_Leipzig.jpg/960px-RTW_und_NEF_fahren_ab_im_HBF_Leipzig.jpg?utm_source=commons.wikimedia.org&utm_campaign=imageinfo&utm_content=thumbnail,CC BY-SA 2.0,Martin_LE,960,760,SUVs
non_emergency_0121.png,non_emergency,File:SUV Side View line art.png,https://commons.wikimedia.org/wiki/File:SUV_Side_View_line_art.png,https://upload.wikimedia.org/wikipedia/commons/thumb/4/45/SUV_Side_View_line_art.png/960px-SUV_Side_View_line_art.png?utm_source=commons.wikimedia.org&utm_campaign=imageinfo&utm_content=thumbnail,CC0,Shogunjp,960,360,SUVs
non_emergency_0122.jpg,non_emergency,"File:Shvabe-Rostech military ambulance during the ""Armiya 2021"" exhibition.jpg",https://commons.wikimedia.org/wiki/File:Shvabe-Rostech_military_ambulance_during_the_%22Armiya_2021%22_exhibition.jpg,https://upload.wikimedia.org/wikipedia/commons/thumb/3/38/Shvabe-Rostech_military_ambulance_during_the_%22Armiya_2021%22_exhibition.jpg/960px-Shvabe-Rostech_military_ambulance_during_the_%22Armiya_2021%22_exhibition.jpg?utm_source=commons.wikimedia.org&utm_campaign=imageinfo&utm_content=thumbnail,CC BY-SA 4.0,Kirill Borisenko,960,540,SUVs
non_emergency_0123.jpg,non_emergency,"File:Shvabe-Rostech military ambulance during the ""Armiya 2021"" exhibition (interior).jpg",https://commons.wikimedia.org/wiki/File:Shvabe-Rostech_military_ambulance_during_the_%22Armiya_2021%22_exhibition_(interior).jpg,https://upload.wikimedia.org/wikipedia/commons/thumb/1/1f/Shvabe-Rostech_military_ambulance_during_the_%22Armiya_2021%22_exhibition_%28interior%29.jpg/960px-Shvabe-Rostech_military_ambulance_during_the_%22Armiya_2021%22_exhibition_%28interior%29.jpg?utm_source=commons.wikimedia.org&utm_campaign=imageinfo&utm_content=thumbnail,CC BY-SA 4.0,Kirill Borisenko,960,1708,SUVs
non_emergency_0124.jpg,non_emergency,File:Siensheim - Ford Deutsches Rotes Kreuz HD RN 39-001.JPG,https://commons.wikimedia.org/wiki/File:Siensheim_-_Ford_Deutsches_Rotes_Kreuz_HD_RN_39-001.JPG,https://upload.wikimedia.org/wikipedia/commons/thumb/f/f0/Siensheim_-_Ford_Deutsches_Rotes_Kreuz_HD_RN_39-001.JPG/960px-Siensheim_-_Ford_Deutsches_Rotes_Kreuz_HD_RN_39-001.JPG?utm_source=commons.wikimedia.org&utm_campaign=imageinfo&utm_content=thumbnail,CC BY-SA 4.0,Radosław Drożdżewski (Zwiadowca21),960,677,SUVs
non_emergency_0125.jpg,non_emergency,File:Siensheim - Ford Deutsches Rotes Kreuz HD RN 39.JPG,https://commons.wikimedia.org/wiki/File:Siensheim_-_Ford_Deutsches_Rotes_Kreuz_HD_RN_39.JPG,https://upload.wikimedia.org/wikipedia/commons/thumb/5/54/Siensheim_-_Ford_Deutsches_Rotes_Kreuz_HD_RN_39.JPG/960px-Siensheim_-_Ford_Deutsches_Rotes_Kreuz_HD_RN_39.JPG?utm_source=commons.wikimedia.org&utm_campaign=imageinfo&utm_content=thumbnail,CC BY-SA 4.0,Radosław Drożdżewski (Zwiadowca21),960,638,SUVs
non_emergency_0126.jpg,non_emergency,File:Toyota FJ Cruiser convertible.jpg,https://commons.wikimedia.org/wiki/File:Toyota_FJ_Cruiser_convertible.jpg,https://upload.wikimedia.org/wikipedia/commons/thumb/b/b2/Toyota_FJ_Cruiser_convertible.jpg/960px-Toyota_FJ_Cruiser_convertible.jpg?utm_source=commons.wikimedia.org&utm_campaign=imageinfo&utm_content=thumbnail,CC BY 2.0,Joost J. Bakker from IJmuiden,960,586,SUVs
non_emergency_0127.jpg,non_emergency,File:UAZ Patriot 6.jpg,https://commons.wikimedia.org/wiki/File:UAZ_Patriot_6.jpg,https://upload.wikimedia.org/wikipedia/commons/thumb/5/54/UAZ_Patriot_6.jpg/960px-UAZ_Patriot_6.jpg?utm_source=commons.wikimedia.org&utm_campaign=imageinfo&utm_content=thumbnail,CC BY 3.0,Andrej Danković,960,443,SUVs
non_emergency_0128.jpg,non_emergency,File:UAZ Patriot 7.jpg,https://commons.wikimedia.org/wiki/File:UAZ_Patriot_7.jpg,https://upload.wikimedia.org/wikipedia/commons/thumb/d/da/UAZ_Patriot_7.jpg/960px-UAZ_Patriot_7.jpg?utm_source=commons.wikimedia.org&utm_campaign=imageinfo&utm_content=thumbnail,CC BY 3.0,Andrej Danković,960,443,SUVs
non_emergency_0129.jpg,non_emergency,File:UMM 4x4 (41015100490).jpg,https://commons.wikimedia.org/wiki/File:UMM_4x4_(41015100490).jpg,https://upload.wikimedia.org/wikipedia/commons/thumb/7/78/UMM_4x4_%2841015100490%29.jpg/960px-UMM_4x4_%2841015100490%29.jpg?utm_source=commons.wikimedia.org&utm_campaign=imageinfo&utm_content=thumbnail,CC BY 2.0,"Nan Palmero from San Antonio, TX, USA",960,640,SUVs
non_emergency_0130.jpg,non_emergency,"File:VIMs, USBs e VOP (19694842005).jpg","https://commons.wikimedia.org/wiki/File:VIMs,_USBs_e_VOP_(19694842005).jpg",https://upload.wikimedia.org/wikipedia/commons/thumb/2/26/VIMs%2C_USBs_e_VOP_%2819694842005%29.jpg/960px-VIMs%2C_USBs_e_VOP_%2819694842005%29.jpg?utm_source=commons.wikimedia.org&utm_campaign=imageinfo&utm_content=thumbnail,CC BY 2.0,André Gustavo Stumpf from Brasil,960,427,SUVs
non_emergency_0131.jpg,non_emergency,File:VIR (8612397957).jpg,https://commons.wikimedia.org/wiki/File:VIR_(8612397957).jpg,https://upload.wikimedia.org/wikipedia/commons/thumb/e/e3/VIR_%288612397957%29.jpg/960px-VIR_%288612397957%29.jpg?utm_source=commons.wikimedia.org&utm_campaign=imageinfo&utm_content=thumbnail,CC BY 2.0,André Gustavo Stumpf from Brasil,960,708,SUVs
non_emergency_0132.jpg,non_emergency,File:VW Ambulance 10-KBL-2.JPG,https://commons.wikimedia.org/wiki/File:VW_Ambulance_10-KBL-2.JPG,https://upload.wikimedia.org/wikipedia/commons/thumb/5/5a/VW_Ambulance_10-KBL-2.JPG/960px-VW_Ambulance_10-KBL-2.JPG?utm_source=commons.wikimedia.org&utm_campaign=imageinfo&utm_content=thumbnail,CC0,Alf van Beem,960,719,SUVs
non_emergency_0133.jpg,non_emergency,File:Volkswagen T-Roc 194636.jpg,https://commons.wikimedia.org/wiki/File:Volkswagen_T-Roc_194636.jpg,https://upload.wikimedia.org/wikipedia/commons/thumb/6/6b/Volkswagen_T-Roc_194636.jpg/960px-Volkswagen_T-Roc_194636.jpg?utm_source=commons.wikimedia.org&utm_campaign=imageinfo&utm_content=thumbnail,CC0,Trop86,960,827,SUVs
non_emergency_0134.jpg,non_emergency,File:Wellington Free Ambulance - Flickr - 111 Emergency (9).jpg,https://commons.wikimedia.org/wiki/File:Wellington_Free_Ambulance_-_Flickr_-_111_Emergency_(9).jpg,https://upload.wikimedia.org/wikipedia/commons/thumb/e/e5/Wellington_Free_Ambulance_-_Flickr_-_111_Emergency_%289%29.jpg/960px-Wellington_Free_Ambulance_-_Flickr_-_111_Emergency_%289%29.jpg?utm_source=commons.wikimedia.org&utm_campaign=imageinfo&utm_content=thumbnail,CC BY 2.0,111 Emergency from New Zealand,960,720,SUVs
non_emergency_0135.png,non_emergency,File:Xinrong Ren calibrates instruments inside the NOAA ARC.png,https://commons.wikimedia.org/wiki/File:Xinrong_Ren_calibrates_instruments_inside_the_NOAA_ARC.png,https://upload.wikimedia.org/wikipedia/commons/thumb/9/90/Xinrong_Ren_calibrates_instruments_inside_the_NOAA_ARC.png/960px-Xinrong_Ren_calibrates_instruments_inside_the_NOAA_ARC.png?utm_source=commons.wikimedia.org&utm_campaign=imageinfo&utm_content=thumbnail,Public domain,Unidentified NOAA photographers,960,651,SUVs
non_emergency_0136.jpg,non_emergency,File:Bald erSaUVen wir. (40192240123).jpg,https://commons.wikimedia.org/wiki/File:Bald_erSaUVen_wir._(40192240123).jpg,https://upload.wikimedia.org/wikipedia/commons/f/fd/Bald_erSaUVen_wir._%2840192240123%29.jpg?utm_source=commons.wikimedia.org&utm_campaign=imageinfo&utm_content=thumbnail_unscaled,CC BY 2.0,"quapan from Salzbergen, Germany",948,473,SUVs
non_emergency_0137.jpg,non_emergency,File:Ban SUVs! (52330543756).jpg,https://commons.wikimedia.org/wiki/File:Ban_SUVs!_(52330543756).jpg,https://upload.wikimedia.org/wikipedia/commons/thumb/d/d9/Ban_SUVs%21_%2852330543756%29.jpg/960px-Ban_SUVs%21_%2852330543756%29.jpg?utm_source=commons.wikimedia.org&utm_campaign=imageinfo&utm_content=thumbnail,CC BY 2.0,"Stefan Müller (climate stuff, 1.5 Mio views) from Germany",960,638,SUVs
non_emergency_0138.jpg,non_emergency,File:Bobby Cars statt SUVs.jpg,https://commons.wikimedia.org/wiki/File:Bobby_Cars_statt_SUVs.jpg,https://upload.wikimedia.org/wikipedia/commons/thumb/e/e0/Bobby_Cars_statt_SUVs.jpg/960px-Bobby_Cars_statt_SUVs.jpg?utm_source=commons.wikimedia.org&utm_campaign=imageinfo&utm_content=thumbnail,CC BY-SA 4.0,ChickSR,960,720,SUVs
non_emergency_0139.jpg,non_emergency,File:Fridays for Future Aschaffenburg 15.03.2019 76.jpg,https://commons.wikimedia.org/wiki/File:Fridays_for_Future_Aschaffenburg_15.03.2019_76.jpg,https://upload.wikimedia.org/wikipedia/commons/thumb/e/e4/Fridays_for_Future_Aschaffenburg_15.03.2019_76.jpg/960px-Fridays_for_Future_Aschaffenburg_15.03.2019_76.jpg?utm_source=commons.wikimedia.org&utm_campaign=imageinfo&utm_content=thumbnail,CC BY-SA 4.0,Andol,960,720,SUVs
non_emergency_0140.jpg,non_emergency,File:IAA Verkehrswende Demo 06.JPG,https://commons.wikimedia.org/wiki/File:IAA_Verkehrswende_Demo_06.JPG,https://upload.wikimedia.org/wikipedia/commons/thumb/6/62/IAA_Verkehrswende_Demo_06.JPG/960px-IAA_Verkehrswende_Demo_06.JPG?utm_source=commons.wikimedia.org&utm_campaign=imageinfo&utm_content=thumbnail,CC BY-SA 3.0,Heinrich Stürzl,960,720,SUVs
non_emergency_0141.jpg,non_emergency,File:IAA Verkehrswende Demo 07.JPG,https://commons.wikimedia.org/wiki/File:IAA_Verkehrswende_Demo_07.JPG,https://upload.wikimedia.org/wikipedia/commons/thumb/2/23/IAA_Verkehrswende_Demo_07.JPG/960px-IAA_Verkehrswende_Demo_07.JPG?utm_source=commons.wikimedia.org&utm_campaign=imageinfo&utm_content=thumbnail,CC BY-SA 3.0,Heinrich Stürzl,960,720,SUVs
non_emergency_0142.jpg,non_emergency,File:IAA Verkehrswende Demo 09.JPG,https://commons.wikimedia.org/wiki/File:IAA_Verkehrswende_Demo_09.JPG,https://upload.wikimedia.org/wikipedia/commons/thumb/e/e9/IAA_Verkehrswende_Demo_09.JPG/960px-IAA_Verkehrswende_Demo_09.JPG?utm_source=commons.wikimedia.org&utm_campaign=imageinfo&utm_content=thumbnail,CC BY-SA 3.0,Heinrich Stürzl,960,720,SUVs
non_emergency_0143.jpg,non_emergency,File:IAA Verkehrswende Demo 16.JPG,https://commons.wikimedia.org/wiki/File:IAA_Verkehrswende_Demo_16.JPG,https://upload.wikimedia.org/wikipedia/commons/thumb/5/57/IAA_Verkehrswende_Demo_16.JPG/960px-IAA_Verkehrswende_Demo_16.JPG?utm_source=commons.wikimedia.org&utm_campaign=imageinfo&utm_content=thumbnail,CC BY-SA 3.0,Heinrich Stürzl,960,720,SUVs
non_emergency_0144.jpg,non_emergency,File:IAA Verkehrswende Demo 17.JPG,https://commons.wikimedia.org/wiki/File:IAA_Verkehrswende_Demo_17.JPG,https://upload.wikimedia.org/wikipedia/commons/thumb/3/3b/IAA_Verkehrswende_Demo_17.JPG/960px-IAA_Verkehrswende_Demo_17.JPG?utm_source=commons.wikimedia.org&utm_campaign=imageinfo&utm_content=thumbnail,CC BY-SA 3.0,Heinrich Stürzl,960,702,SUVs
non_emergency_0145.jpg,non_emergency,File:ManifClimatBerne-28sept2019-160-TreffpunktBahnhof.jpg,https://commons.wikimedia.org/wiki/File:ManifClimatBerne-28sept2019-160-TreffpunktBahnhof.jpg,https://upload.wikimedia.org/wikipedia/commons/e/e4/ManifClimatBerne-28sept2019-160-TreffpunktBahnhof.jpg?utm_source=commons.wikimedia.org&utm_campaign=imageinfo&utm_content=thumbnail_unscaled,CC BY-SA 4.0,MHM55,751,1136,SUVs
non_emergency_0146.jpg,non_emergency,File:NoSUV.jpg,https://commons.wikimedia.org/wiki/File:NoSUV.jpg,https://upload.wikimedia.org/wikipedia/commons/9/92/NoSUV.jpg?utm_source=commons.wikimedia.org&utm_campaign=imageinfo&utm_content=thumbnail_unscaled,Public domain,Heinrich Stürzl,601,601,SUVs
non_emergency_0147.jpg,non_emergency,File:Yvecv 1b (26668431743).jpg,https://commons.wikimedia.org/wiki/File:Yvecv_1b_(26668431743).jpg,https://upload.wikimedia.org/wikipedia/commons/thumb/3/31/Yvecv_1b_%2826668431743%29.jpg/960px-Yvecv_1b_%2826668431743%29.jpg?utm_source=commons.wikimedia.org&utm_campaign=imageinfo&utm_content=thumbnail,CC BY-SA 2.0,"Greg Goebel from Loveland CO, USA",960,635,SUVs
non_emergency_0148.jpg,non_emergency,File:ВАЗ-2131СП 213105.JPG,https://commons.wikimedia.org/wiki/File:%D0%92%D0%90%D0%97-2131%D0%A1%D0%9F_213105.JPG,https://upload.wikimedia.org/wikipedia/commons/thumb/0/06/%D0%92%D0%90%D0%97-2131%D0%A1%D0%9F_213105.JPG/960px-%D0%92%D0%90%D0%97-2131%D0%A1%D0%9F_213105.JPG?utm_source=commons.wikimedia.org&utm_campaign=imageinfo&utm_content=thumbnail,Public domain,user:Sah68,960,720,SUVs
non_emergency_0149.jpg,non_emergency,File:1972 Chevrolet LUV.jpg,https://commons.wikimedia.org/wiki/File:1972_Chevrolet_LUV.jpg,https://upload.wikimedia.org/wikipedia/commons/thumb/9/90/1972_Chevrolet_LUV.jpg/960px-1972_Chevrolet_LUV.jpg?utm_source=commons.wikimedia.org&utm_campaign=imageinfo&utm_content=thumbnail,CC0,TTTNIS,960,505,Pickup trucks
